participant_id,trial_number,drawing_filename,condition,category,memorability,target_image,selected_image,correct,selected_type,rt
3100_1764028514660,0,data/drawings/category/c12_29_house.jpg,category,house,NA,NA,data/stim/house_foil.jpg,NA,foil,22371
3100_1764028514660,1,data/drawings/delayed_recall/15_2_low_bathroom.jpg,delayed_recall,bathroom,low,data/stim/bathroom_low.jpg,data/stim/bathroom_low.jpg,TRUE,NA,13190
3100_1764028514660,2,data/drawings/category/c10_22_mountain.jpg,category,mountain,NA,NA,data/stim/mountain_foil.jpg,NA,foil,7331
3100_1764028514660,3,data/drawings/category/c2_20_fountain.jpg,category,fountain,NA,NA,data/stim/fountain_foil.jpg,NA,foil,6226
3100_1764028514660,4,data/drawings/category/c10_15_house.jpg,category,house,NA,NA,data/stim/house_foil.jpg,NA,foil,8202
3100_1764028514660,5,data/drawings/delayed_recall/4_19_high_diningroom.jpg,delayed_recall,diningroom,high,data/stim/dining_room_high.jpg,data/stim/dining_room_high.jpg,TRUE,NA,9865
3100_1764028514660,6,data/drawings/delayed_recall/7_17_low_house.jpg,delayed_recall,house,low,data/stim/house_low.jpg,data/stim/house_low.jpg,TRUE,NA,13168
3100_1764028514660,7,data/drawings/delayed_recall/28_8_low_tower.jpg,delayed_recall,tower,low,data/stim/tower_low.jpg,data/stim/tower_low.jpg,TRUE,NA,10910
3100_1764028514660,8,data/drawings/delayed_recall/26_2_low_garden.jpg,delayed_recall,garden,low,data/stim/garden_low.jpg,data/stim/garden_low.jpg,TRUE,NA,14055
3100_1764028514660,9,data/drawings/category/c12_4_mountain.jpg,category,mountain,NA,NA,data/stim/mountain_high.jpg,NA,high,5006
3100_1764028514660,10,data/drawings/delayed_recall/6_11_low_diningroom.jpg,delayed_recall,diningroom,low,data/stim/dining_room_low.jpg,data/stim/dining_room_low.jpg,TRUE,NA,9410
3100_1764028514660,11,data/drawings/category/c2_9_livingroom.jpg,category,livingroom,NA,NA,data/stim/living_room_high.jpg,NA,high,14835
3100_1764028514660,12,data/drawings/category/c4_1_garden.jpg,category,garden,NA,NA,data/stim/garden_low.jpg,NA,low,25294
3100_1764028514660,13,data/drawings/delayed_recall/25_13_high_amusementpark.jpg,delayed_recall,amusementpark,high,data/stim/amusement_park_high.jpg,data/stim/amusement_park_high.jpg,TRUE,NA,10843
3100_1764028514660,14,data/drawings/delayed_recall/7_13_high_playground.jpg,delayed_recall,playground,high,data/stim/playground_high.jpg,data/stim/playground_high.jpg,TRUE,NA,2727
3100_1764028514660,15,data/drawings/category/c12_28_garden.jpg,category,garden,NA,NA,data/stim/garden_foil.jpg,NA,foil,13672
3100_1764028514660,16,data/drawings/category/c1_7_bedroom.jpg,category,bedroom,NA,NA,data/stim/bedroom_high.jpg,NA,high,26306
3100_1764028514660,17,data/drawings/delayed_recall/22_13_high_pool.jpg,delayed_recall,pool,high,data/stim/pool_high.jpg,data/stim/pool_low.jpg,FALSE,NA,21964
3100_1764028514660,18,data/drawings/delayed_recall/22_1_high_lighthouse.jpg,delayed_recall,lighthouse,high,data/stim/lighthouse_high.jpg,data/stim/lighthouse_high.jpg,TRUE,NA,7347
3100_1764028514660,19,data/drawings/delayed_recall/27_3_low_bedroom.jpg,delayed_recall,bedroom,low,data/stim/bedroom_low.jpg,data/stim/bedroom_low.jpg,TRUE,NA,10258
3100_1764028514660,20,data/drawings/delayed_recall/31_3_high_garden.jpg,delayed_recall,garden,high,data/stim/garden_high.jpg,data/stim/garden_high.jpg,TRUE,NA,11188
3100_1764028514660,21,data/drawings/category/c4_10_lighthouse.jpg,category,lighthouse,NA,NA,data/stim/lighthouse_foil.jpg,NA,foil,15938
3100_1764028514660,22,data/drawings/delayed_recall/11_10_low_livingroom.jpg,delayed_recall,livingroom,low,data/stim/living_room_low.jpg,data/stim/living_room_low.jpg,TRUE,NA,20557
3100_1764028514660,23,data/drawings/delayed_recall/21_6_low_kitchen.jpg,delayed_recall,kitchen,low,data/stim/kitchen_low.jpg,data/stim/kitchen_low.jpg,TRUE,NA,18119
3100_1764028514660,24,data/drawings/delayed_recall/4_5_low_playground.jpg,delayed_recall,playground,low,data/stim/playground_low.jpg,data/stim/playground_low.jpg,TRUE,NA,27123
3100_1764028514660,25,data/drawings/delayed_recall/20_10_high_street.jpg,delayed_recall,street,high,data/stim/street_high.jpg,data/stim/street_high.jpg,TRUE,NA,12056
3100_1764028514660,26,data/drawings/delayed_recall/25_3_low_farm.jpg,delayed_recall,farm,low,data/stim/farm_low.jpg,data/stim/farm_low.jpg,TRUE,NA,15361
3100_1764028514660,27,data/drawings/delayed_recall/11_9_high_kitchen.jpg,delayed_recall,kitchen,high,data/stim/kitchen_high.jpg,data/stim/kitchen_high.jpg,TRUE,NA,18202
3100_1764028514660,28,data/drawings/category/c9_11_lighthouse.jpg,category,lighthouse,NA,NA,data/stim/lighthouse_foil.jpg,NA,foil,19011
3100_1764028514660,29,data/drawings/category/c10_26_street.jpg,category,street,NA,NA,data/stim/street_high.jpg,NA,high,18606
3100_1764028514660,30,data/drawings/category/c10_18_playground.jpg,category,playground,NA,NA,data/stim/playground_high.jpg,NA,high,29951
3100_1764028514660,31,data/drawings/delayed_recall/18_5_high_bedroom.jpg,delayed_recall,bedroom,high,data/stim/bedroom_high.jpg,data/stim/bedroom_high.jpg,TRUE,NA,10570
3100_1764028514660,32,data/drawings/delayed_recall/15_12_high_badlands.jpg,delayed_recall,badlands,high,data/stim/badlands_high.jpg,data/stim/badlands_high.jpg,TRUE,NA,10003
3100_1764028514660,33,data/drawings/category/c9_19_diningroom.jpg,category,diningroom,NA,NA,data/stim/dining_room_low.jpg,NA,low,15334
3100_1764028514660,34,data/drawings/category/c1_14_farm.jpg,category,farm,NA,NA,data/stim/farm_foil.jpg,NA,foil,19973
3100_1764028514660,35,data/drawings/category/c4_24_fountain.jpg,category,fountain,NA,NA,data/stim/fountain_foil.jpg,NA,foil,6710
3100_1764028514660,36,data/drawings/category/c4_7_farm.jpg,category,farm,NA,NA,data/stim/farm_low.jpg,NA,low,10461
3100_1764028514660,37,data/drawings/delayed_recall/23_11_low_lighthouse.jpg,delayed_recall,lighthouse,low,data/stim/lighthouse_low.jpg,data/stim/lighthouse_low.jpg,TRUE,NA,17876
3100_1764028514660,38,data/drawings/category/c12_1_kitchen.jpg,category,kitchen,NA,NA,data/stim/kitchen_low.jpg,NA,low,33919
3100_1764028514660,39,data/drawings/delayed_recall/14_7_low_mountain.jpg,delayed_recall,mountain,low,data/stim/mountain_low.jpg,data/stim/mountain_foil.jpg,FALSE,NA,6120
3100_1764028514660,40,data/drawings/category/c11_15_badlands.jpg,category,badlands,NA,NA,data/stim/badlands_foil.jpg,NA,foil,11283
3100_1764028514660,41,data/drawings/category/c13_4_bathroom.jpg,category,bathroom,NA,NA,data/stim/bathroom_high.jpg,NA,high,20185
3100_1764028514660,42,data/drawings/delayed_recall/7_9_low_badlands.jpg,delayed_recall,badlands,low,data/stim/badlands_low.jpg,data/stim/badlands_foil.jpg,FALSE,NA,10411
3100_1764028514660,43,data/drawings/category/c2_24_playground.jpg,category,playground,NA,NA,data/stim/playground_foil.jpg,NA,foil,9611
3100_1764028514660,44,data/drawings/delayed_recall/31_5_high_farm.jpg,delayed_recall,farm,high,data/stim/farm_high.jpg,data/stim/farm_low.jpg,FALSE,NA,5621
3100_1764028514660,45,data/drawings/category/c7_1_pool.jpg,category,pool,NA,NA,data/stim/pool_low.jpg,NA,low,7298
3100_1764028514660,46,data/drawings/category/c14_13_tower.jpg,category,tower,NA,NA,data/stim/tower_low.jpg,NA,low,10105
3100_1764028514660,47,data/drawings/delayed_recall/7_19_high_bathroom.jpg,delayed_recall,bathroom,high,data/stim/bathroom_high.jpg,data/stim/bathroom_high.jpg,TRUE,NA,7074
3100_1764028514660,48,data/drawings/category/c8_27_street.jpg,category,street,NA,NA,data/stim/street_high.jpg,NA,high,6526
3100_1764028514660,49,data/drawings/category/c7_10_bathroom.jpg,category,bathroom,NA,NA,data/stim/bathroom_high.jpg,NA,high,13752
3100_1764028514660,50,data/drawings/delayed_recall/34_10_high_livingroom.jpg,delayed_recall,livingroom,high,data/stim/living_room_high.jpg,data/stim/living_room_high.jpg,TRUE,NA,5633
3100_1764028514660,51,data/drawings/delayed_recall/24_9_low_amusementpark.jpg,delayed_recall,amusementpark,low,data/stim/amusement_park_low.jpg,data/stim/amusement_park_low.jpg,TRUE,NA,5244
3100_1764028514660,52,data/drawings/delayed_recall/26_14_high_mountain.jpg,delayed_recall,mountain,high,data/stim/mountain_high.jpg,data/stim/mountain_high.jpg,TRUE,NA,6006
3100_1764028514660,53,data/drawings/category/c1_27_badlands.jpg,category,badlands,NA,NA,data/stim/badlands_low.jpg,NA,low,12769
3100_1764028514660,54,data/drawings/category/c12_19_pool.jpg,category,pool,NA,NA,data/stim/pool_foil.jpg,NA,foil,14439
3100_1764028514660,55,data/drawings/category/c12_2_tower.jpg,category,tower,NA,NA,data/stim/tower_foil.jpg,NA,foil,7373
3100_1764028514660,56,data/drawings/delayed_recall/17_8_low_fountain.jpg,delayed_recall,fountain,low,data/stim/fountain_low.jpg,data/stim/fountain_low.jpg,TRUE,NA,12000
3100_1764028514660,57,data/drawings/category/c7_3_bedroom.jpg,category,bedroom,NA,NA,data/stim/bedroom_low.jpg,NA,low,10153
3100_1764028514660,58,data/drawings/delayed_recall/22_18_high_tower.jpg,delayed_recall,tower,high,data/stim/tower_high.jpg,data/stim/tower_high.jpg,TRUE,NA,9715
3100_1764028514660,59,data/drawings/category/c3_7_livingroom.jpg,category,livingroom,NA,NA,data/stim/living_room_high.jpg,NA,high,16597
3d0f_1764028341127,0,data/drawings/delayed_recall/7_17_low_house.jpg,delayed_recall,house,low,data/stim/house_low.jpg,data/stim/house_foil.jpg,FALSE,NA,13007
3d0f_1764028341127,1,data/drawings/category/c13_4_bathroom.jpg,category,bathroom,NA,NA,data/stim/bathroom_foil.jpg,NA,foil,19686
3d0f_1764028341127,2,data/drawings/category/c12_19_pool.jpg,category,pool,NA,NA,data/stim/pool_foil.jpg,NA,foil,5916
3d0f_1764028341127,3,data/drawings/delayed_recall/20_10_high_street.jpg,delayed_recall,street,high,data/stim/street_high.jpg,data/stim/street_high.jpg,TRUE,NA,3272
3d0f_1764028341127,4,data/drawings/delayed_recall/11_10_low_livingroom.jpg,delayed_recall,livingroom,low,data/stim/living_room_low.jpg,data/stim/living_room_low.jpg,TRUE,NA,8358
3d0f_1764028341127,5,data/drawings/delayed_recall/22_13_high_pool.jpg,delayed_recall,pool,high,data/stim/pool_high.jpg,data/stim/pool_low.jpg,FALSE,NA,7986
3d0f_1764028341127,6,data/drawings/category/c1_27_badlands.jpg,category,badlands,NA,NA,data/stim/badlands_low.jpg,NA,low,13758
3d0f_1764028341127,7,data/drawings/category/c1_7_bedroom.jpg,category,bedroom,NA,NA,data/stim/bedroom_high.jpg,NA,high,8616
3d0f_1764028341127,8,data/drawings/delayed_recall/6_11_low_diningroom.jpg,delayed_recall,diningroom,low,data/stim/dining_room_low.jpg,data/stim/dining_room_low.jpg,TRUE,NA,9820
3d0f_1764028341127,9,data/drawings/delayed_recall/12_7_high_house.jpg,delayed_recall,house,high,data/stim/house_high.jpg,data/stim/house_high.jpg,TRUE,NA,14321
3d0f_1764028341127,10,data/drawings/category/c2_9_livingroom.jpg,category,livingroom,NA,NA,data/stim/living_room_high.jpg,NA,high,8414
3d0f_1764028341127,11,data/drawings/category/c14_13_tower.jpg,category,tower,NA,NA,data/stim/tower_low.jpg,NA,low,4218
3d0f_1764028341127,12,data/drawings/delayed_recall/28_8_low_tower.jpg,delayed_recall,tower,low,data/stim/tower_low.jpg,data/stim/tower_low.jpg,TRUE,NA,5015
3d0f_1764028341127,13,data/drawings/delayed_recall/34_10_high_livingroom.jpg,delayed_recall,livingroom,high,data/stim/living_room_high.jpg,data/stim/living_room_high.jpg,TRUE,NA,4027
3d0f_1764028341127,14,data/drawings/delayed_recall/26_2_low_garden.jpg,delayed_recall,garden,low,data/stim/garden_low.jpg,data/stim/garden_high.jpg,FALSE,NA,6862
3d0f_1764028341127,15,data/drawings/delayed_recall/18_5_high_bedroom.jpg,delayed_recall,bedroom,high,data/stim/bedroom_high.jpg,data/stim/bedroom_high.jpg,TRUE,NA,3272
3d0f_1764028341127,16,data/drawings/delayed_recall/25_3_low_farm.jpg,delayed_recall,farm,low,data/stim/farm_low.jpg,data/stim/farm_high.jpg,FALSE,NA,7176
3d0f_1764028341127,17,data/drawings/category/c4_7_farm.jpg,category,farm,NA,NA,data/stim/farm_low.jpg,NA,low,12059
3d0f_1764028341127,18,data/drawings/category/c12_29_house.jpg,category,house,NA,NA,data/stim/house_foil.jpg,NA,foil,7278
3d0f_1764028341127,19,data/drawings/category/c4_10_lighthouse.jpg,category,lighthouse,NA,NA,data/stim/lighthouse_foil.jpg,NA,foil,3149
3d0f_1764028341127,20,data/drawings/delayed_recall/27_10_low_street.jpg,delayed_recall,street,low,data/stim/street_low.jpg,data/stim/street_low.jpg,TRUE,NA,4465
3d0f_1764028341127,21,data/drawings/delayed_recall/4_19_high_diningroom.jpg,delayed_recall,diningroom,high,data/stim/dining_room_high.jpg,data/stim/dining_room_high.jpg,TRUE,NA,6479
3d0f_1764028341127,22,data/drawings/category/c7_1_pool.jpg,category,pool,NA,NA,data/stim/pool_low.jpg,NA,low,6558
3d0f_1764028341127,23,data/drawings/delayed_recall/31_5_high_farm.jpg,delayed_recall,farm,high,data/stim/farm_high.jpg,data/stim/farm_high.jpg,TRUE,NA,4375
3d0f_1764028341127,24,data/drawings/delayed_recall/22_18_high_tower.jpg,delayed_recall,tower,high,data/stim/tower_high.jpg,data/stim/tower_high.jpg,TRUE,NA,2170
3d0f_1764028341127,25,data/drawings/category/c7_10_bathroom.jpg,category,bathroom,NA,NA,data/stim/bathroom_foil.jpg,NA,foil,9123
3d0f_1764028341127,26,data/drawings/category/c10_18_playground.jpg,category,playground,NA,NA,data/stim/playground_low.jpg,NA,low,19339
3d0f_1764028341127,27,data/drawings/delayed_recall/27_3_low_bedroom.jpg,delayed_recall,bedroom,low,data/stim/bedroom_low.jpg,data/stim/bedroom_low.jpg,TRUE,NA,2946
3d0f_1764028341127,28,data/drawings/category/c11_15_badlands.jpg,category,badlands,NA,NA,data/stim/badlands_high.jpg,NA,high,3509
3d0f_1764028341127,29,data/drawings/category/c8_27_street.jpg,category,street,NA,NA,data/stim/street_high.jpg,NA,high,4105
3d0f_1764028341127,30,data/drawings/category/c2_24_playground.jpg,category,playground,NA,NA,data/stim/playground_high.jpg,NA,high,5904
3d0f_1764028341127,31,data/drawings/category/c10_26_street.jpg,category,street,NA,NA,data/stim/street_low.jpg,NA,low,4161
3d0f_1764028341127,32,data/drawings/category/c12_27_amusementpark.jpg,category,amusementpark,NA,NA,data/stim/amusement_park_high.jpg,NA,high,9922
3d0f_1764028341127,33,data/drawings/delayed_recall/7_19_high_bathroom.jpg,delayed_recall,bathroom,high,data/stim/bathroom_high.jpg,data/stim/bathroom_low.jpg,FALSE,NA,16166
3d0f_1764028341127,34,data/drawings/delayed_recall/17_8_low_fountain.jpg,delayed_recall,fountain,low,data/stim/fountain_low.jpg,data/stim/fountain_foil.jpg,FALSE,NA,7492
3d0f_1764028341127,35,data/drawings/category/c2_20_fountain.jpg,category,fountain,NA,NA,data/stim/fountain_foil.jpg,NA,foil,2429
3d0f_1764028341127,36,data/drawings/category/c3_7_livingroom.jpg,category,livingroom,NA,NA,data/stim/living_room_high.jpg,NA,high,6097
3d0f_1764028341127,37,data/drawings/category/c12_1_kitchen.jpg,category,kitchen,NA,NA,data/stim/kitchen_low.jpg,NA,low,6479
3d0f_1764028341127,38,data/drawings/category/c4_1_garden.jpg,category,garden,NA,NA,data/stim/garden_high.jpg,NA,high,4803
3d0f_1764028341127,39,data/drawings/delayed_recall/23_11_low_lighthouse.jpg,delayed_recall,lighthouse,low,data/stim/lighthouse_low.jpg,data/stim/lighthouse_low.jpg,TRUE,NA,15513
3d0f_1764028341127,40,data/drawings/category/c4_24_fountain.jpg,category,fountain,NA,NA,data/stim/fountain_foil.jpg,NA,foil,4465
3d0f_1764028341127,41,data/drawings/category/c12_4_mountain.jpg,category,mountain,NA,NA,data/stim/mountain_foil.jpg,NA,foil,5196
3d0f_1764028341127,42,data/drawings/category/c1_2_diningroom.jpg,category,diningroom,NA,NA,data/stim/dining_room_high.jpg,NA,high,4814
3d0f_1764028341127,43,data/drawings/category/c4_2_kitchen.jpg,category,kitchen,NA,NA,data/stim/kitchen_low.jpg,NA,low,5781
3d0f_1764028341127,44,data/drawings/category/c12_28_garden.jpg,category,garden,NA,NA,data/stim/garden_foil.jpg,NA,foil,7244
3d0f_1764028341127,45,data/drawings/delayed_recall/22_1_high_lighthouse.jpg,delayed_recall,lighthouse,high,data/stim/lighthouse_high.jpg,data/stim/lighthouse_high.jpg,TRUE,NA,3408
3d0f_1764028341127,46,data/drawings/delayed_recall/7_5_low_pool.jpg,delayed_recall,pool,low,data/stim/pool_low.jpg,data/stim/pool_low.jpg,TRUE,NA,9213
3d0f_1764028341127,47,data/drawings/delayed_recall/21_6_low_kitchen.jpg,delayed_recall,kitchen,low,data/stim/kitchen_low.jpg,data/stim/kitchen_foil.jpg,FALSE,NA,8774
3d0f_1764028341127,48,data/drawings/category/c9_19_diningroom.jpg,category,diningroom,NA,NA,data/stim/dining_room_low.jpg,NA,low,5646
3d0f_1764028341127,49,data/drawings/delayed_recall/4_5_low_playground.jpg,delayed_recall,playground,low,data/stim/playground_low.jpg,data/stim/playground_low.jpg,TRUE,NA,6805
3d0f_1764028341127,50,data/drawings/delayed_recall/15_12_high_badlands.jpg,delayed_recall,badlands,high,data/stim/badlands_high.jpg,data/stim/badlands_high.jpg,TRUE,NA,4814
3d0f_1764028341127,51,data/drawings/delayed_recall/31_3_high_garden.jpg,delayed_recall,garden,high,data/stim/garden_high.jpg,data/stim/garden_high.jpg,TRUE,NA,5331
3d0f_1764028341127,52,data/drawings/delayed_recall/4_22_high_fountain.jpg,delayed_recall,fountain,high,data/stim/fountain_high.jpg,data/stim/fountain_high.jpg,TRUE,NA,6231
3d0f_1764028341127,53,data/drawings/delayed_recall/25_13_high_amusementpark.jpg,delayed_recall,amusementpark,high,data/stim/amusement_park_high.jpg,data/stim/amusement_park_high.jpg,TRUE,NA,5984
3d0f_1764028341127,54,data/drawings/category/c9_11_lighthouse.jpg,category,lighthouse,NA,NA,data/stim/lighthouse_foil.jpg,NA,foil,2552
3d0f_1764028341127,55,data/drawings/delayed_recall/24_9_low_amusementpark.jpg,delayed_recall,amusementpark,low,data/stim/amusement_park_low.jpg,data/stim/amusement_park_low.jpg,TRUE,NA,4015
3d0f_1764028341127,56,data/drawings/delayed_recall/15_2_low_bathroom.jpg,delayed_recall,bathroom,low,data/stim/bathroom_low.jpg,data/stim/bathroom_low.jpg,TRUE,NA,9956
3d0f_1764028341127,57,data/drawings/delayed_recall/7_13_high_playground.jpg,delayed_recall,playground,high,data/stim/playground_high.jpg,data/stim/playground_high.jpg,TRUE,NA,1506
3d0f_1764028341127,58,data/drawings/delayed_recall/7_9_low_badlands.jpg,delayed_recall,badlands,low,data/stim/badlands_low.jpg,data/stim/badlands_foil.jpg,FALSE,NA,6693
3d0f_1764028341127,59,data/drawings/category/c1_14_farm.jpg,category,farm,NA,NA,data/stim/farm_foil.jpg,NA,foil,11159
42ec_1764027079037,0,data/drawings/category/c12_29_house.jpg,category,house,NA,NA,data/stim/house_foil.jpg,NA,foil,16172
42ec_1764027079037,1,data/drawings/category/c10_26_street.jpg,category,street,NA,NA,data/stim/street_low.jpg,NA,low,7070
42ec_1764027079037,2,data/drawings/category/c2_9_livingroom.jpg,category,livingroom,NA,NA,data/stim/living_room_high.jpg,NA,high,22694
42ec_1764027079037,3,data/drawings/delayed_recall/4_19_high_diningroom.jpg,delayed_recall,diningroom,high,data/stim/dining_room_high.jpg,data/stim/dining_room_high.jpg,TRUE,NA,26775
42ec_1764027079037,4,data/drawings/category/c4_7_farm.jpg,category,farm,NA,NA,data/stim/farm_low.jpg,NA,low,8519
42ec_1764027079037,5,data/drawings/delayed_recall/31_3_high_garden.jpg,delayed_recall,garden,high,data/stim/garden_high.jpg,data/stim/garden_high.jpg,TRUE,NA,6822
42ec_1764027079037,6,data/drawings/category/c7_1_pool.jpg,category,pool,NA,NA,data/stim/pool_low.jpg,NA,low,6591
42ec_1764027079037,7,data/drawings/category/c9_11_lighthouse.jpg,category,lighthouse,NA,NA,data/stim/lighthouse_high.jpg,NA,high,8407
42ec_1764027079037,8,data/drawings/category/c8_27_street.jpg,category,street,NA,NA,data/stim/street_high.jpg,NA,high,3079
42ec_1764027079037,9,data/drawings/delayed_recall/12_7_high_house.jpg,delayed_recall,house,high,data/stim/house_high.jpg,data/stim/house_low.jpg,FALSE,NA,9638
42ec_1764027079037,10,data/drawings/category/c12_19_pool.jpg,category,pool,NA,NA,data/stim/pool_foil.jpg,NA,foil,14247
42ec_1764027079037,11,data/drawings/category/c4_10_lighthouse.jpg,category,lighthouse,NA,NA,data/stim/lighthouse_foil.jpg,NA,foil,5270
42ec_1764027079037,12,data/drawings/category/c10_15_house.jpg,category,house,NA,NA,data/stim/house_high.jpg,NA,high,6271
42ec_1764027079037,13,data/drawings/delayed_recall/7_5_low_pool.jpg,delayed_recall,pool,low,data/stim/pool_low.jpg,data/stim/pool_low.jpg,TRUE,NA,5055
42ec_1764027079037,14,data/drawings/delayed_recall/4_5_low_playground.jpg,delayed_recall,playground,low,data/stim/playground_low.jpg,data/stim/playground_low.jpg,TRUE,NA,11103
42ec_1764027079037,15,data/drawings/delayed_recall/27_10_low_street.jpg,delayed_recall,street,low,data/stim/street_low.jpg,data/stim/street_low.jpg,TRUE,NA,6095
42ec_1764027079037,16,data/drawings/category/c11_15_badlands.jpg,category,badlands,NA,NA,data/stim/badlands_high.jpg,NA,high,9055
42ec_1764027079037,17,data/drawings/delayed_recall/28_8_low_tower.jpg,delayed_recall,tower,low,data/stim/tower_low.jpg,data/stim/tower_low.jpg,TRUE,NA,5855
42ec_1764027079037,18,data/drawings/category/c12_27_amusementpark.jpg,category,amusementpark,NA,NA,data/stim/amusement_park_high.jpg,NA,high,11566
42ec_1764027079037,19,data/drawings/category/c4_24_fountain.jpg,category,fountain,NA,NA,data/stim/fountain_low.jpg,NA,low,14783
42ec_1764027079037,20,data/drawings/delayed_recall/4_22_high_fountain.jpg,delayed_recall,fountain,high,data/stim/fountain_high.jpg,data/stim/fountain_high.jpg,TRUE,NA,13039
42ec_1764027079037,21,data/drawings/category/c1_27_badlands.jpg,category,badlands,NA,NA,data/stim/badlands_low.jpg,NA,low,5373
42ec_1764027079037,22,data/drawings/delayed_recall/18_5_high_bedroom.jpg,delayed_recall,bedroom,high,data/stim/bedroom_high.jpg,data/stim/bedroom_high.jpg,TRUE,NA,10199
42ec_1764027079037,23,data/drawings/category/c12_1_kitchen.jpg,category,kitchen,NA,NA,data/stim/kitchen_low.jpg,NA,low,45968
42ec_1764027079037,24,data/drawings/category/c4_2_kitchen.jpg,category,kitchen,NA,NA,data/stim/kitchen_low.jpg,NA,low,11678
42ec_1764027079037,25,data/drawings/category/c4_1_garden.jpg,category,garden,NA,NA,data/stim/garden_foil.jpg,NA,foil,29968
42ec_1764027079037,26,data/drawings/delayed_recall/15_2_low_bathroom.jpg,delayed_recall,bathroom,low,data/stim/bathroom_low.jpg,data/stim/bathroom_low.jpg,TRUE,NA,20199
42ec_1764027079037,27,data/drawings/delayed_recall/22_18_high_tower.jpg,delayed_recall,tower,high,data/stim/tower_high.jpg,data/stim/tower_high.jpg,TRUE,NA,5999
42ec_1764027079037,28,data/drawings/delayed_recall/31_5_high_farm.jpg,delayed_recall,farm,high,data/stim/farm_high.jpg,data/stim/farm_high.jpg,TRUE,NA,7814
42ec_1764027079037,29,data/drawings/category/c13_4_bathroom.jpg,category,bathroom,NA,NA,data/stim/bathroom_high.jpg,NA,high,11551
42ec_1764027079037,30,data/drawings/delayed_recall/7_13_high_playground.jpg,delayed_recall,playground,high,data/stim/playground_high.jpg,data/stim/playground_high.jpg,TRUE,NA,7575
42ec_1764027079037,31,data/drawings/delayed_recall/27_3_low_bedroom.jpg,delayed_recall,bedroom,low,data/stim/bedroom_low.jpg,data/stim/bedroom_low.jpg,TRUE,NA,3447
42ec_1764027079037,32,data/drawings/delayed_recall/21_6_low_kitchen.jpg,delayed_recall,kitchen,low,data/stim/kitchen_low.jpg,data/stim/kitchen_foil.jpg,FALSE,NA,5526
42ec_1764027079037,33,data/drawings/category/c1_14_farm.jpg,category,farm,NA,NA,data/stim/farm_low.jpg,NA,low,5694
42ec_1764027079037,34,data/drawings/delayed_recall/14_7_low_mountain.jpg,delayed_recall,mountain,low,data/stim/mountain_low.jpg,data/stim/mountain_high.jpg,FALSE,NA,11175
42ec_1764027079037,35,data/drawings/category/c8_28_amusementpark.jpg,category,amusementpark,NA,NA,data/stim/amusement_park_low.jpg,NA,low,14063
42ec_1764027079037,36,data/drawings/delayed_recall/22_13_high_pool.jpg,delayed_recall,pool,high,data/stim/pool_high.jpg,data/stim/pool_low.jpg,FALSE,NA,14719
42ec_1764027079037,37,data/drawings/delayed_recall/7_9_low_badlands.jpg,delayed_recall,badlands,low,data/stim/badlands_low.jpg,data/stim/badlands_foil.jpg,FALSE,NA,5671
42ec_1764027079037,38,data/drawings/delayed_recall/6_11_low_diningroom.jpg,delayed_recall,diningroom,low,data/stim/dining_room_low.jpg,data/stim/dining_room_low.jpg,TRUE,NA,12046
42ec_1764027079037,39,data/drawings/delayed_recall/26_2_low_garden.jpg,delayed_recall,garden,low,data/stim/garden_low.jpg,data/stim/garden_low.jpg,TRUE,NA,8742
42ec_1764027079037,40,data/drawings/delayed_recall/11_10_low_livingroom.jpg,delayed_recall,livingroom,low,data/stim/living_room_low.jpg,data/stim/living_room_low.jpg,TRUE,NA,19816
42ec_1764027079037,41,data/drawings/delayed_recall/22_1_high_lighthouse.jpg,delayed_recall,lighthouse,high,data/stim/lighthouse_high.jpg,data/stim/lighthouse_high.jpg,TRUE,NA,7959
42ec_1764027079037,42,data/drawings/category/c9_19_diningroom.jpg,category,diningroom,NA,NA,data/stim/dining_room_low.jpg,NA,low,16695
42ec_1764027079037,43,data/drawings/category/c1_2_diningroom.jpg,category,diningroom,NA,NA,data/stim/dining_room_high.jpg,NA,high,17246
42ec_1764027079037,44,data/drawings/category/c14_13_tower.jpg,category,tower,NA,NA,data/stim/tower_low.jpg,NA,low,7399
42ec_1764027079037,45,data/drawings/category/c10_22_mountain.jpg,category,mountain,NA,NA,data/stim/mountain_foil.jpg,NA,foil,7590
42ec_1764027079037,46,data/drawings/delayed_recall/23_11_low_lighthouse.jpg,delayed_recall,lighthouse,low,data/stim/lighthouse_low.jpg,data/stim/lighthouse_low.jpg,TRUE,NA,9423
42ec_1764027079037,47,data/drawings/delayed_recall/20_10_high_street.jpg,delayed_recall,street,high,data/stim/street_high.jpg,data/stim/street_high.jpg,TRUE,NA,11950
42ec_1764027079037,48,data/drawings/category/c12_4_mountain.jpg,category,mountain,NA,NA,data/stim/mountain_foil.jpg,NA,foil,13206
42ec_1764027079037,49,data/drawings/delayed_recall/34_10_high_livingroom.jpg,delayed_recall,livingroom,high,data/stim/living_room_high.jpg,data/stim/living_room_high.jpg,TRUE,NA,5935
42ec_1764027079037,50,data/drawings/delayed_recall/11_9_high_kitchen.jpg,delayed_recall,kitchen,high,data/stim/kitchen_high.jpg,data/stim/kitchen_high.jpg,TRUE,NA,12799
42ec_1764027079037,51,data/drawings/delayed_recall/25_13_high_amusementpark.jpg,delayed_recall,amusementpark,high,data/stim/amusement_park_high.jpg,data/stim/amusement_park_high.jpg,TRUE,NA,39855
42ec_1764027079037,52,data/drawings/delayed_recall/7_19_high_bathroom.jpg,delayed_recall,bathroom,high,data/stim/bathroom_high.jpg,data/stim/bathroom_high.jpg,TRUE,NA,6167
42ec_1764027079037,53,data/drawings/delayed_recall/26_14_high_mountain.jpg,delayed_recall,mountain,high,data/stim/mountain_high.jpg,data/stim/mountain_high.jpg,TRUE,NA,2855
42ec_1764027079037,54,data/drawings/category/c2_20_fountain.jpg,category,fountain,NA,NA,data/stim/fountain_foil.jpg,NA,foil,6646
42ec_1764027079037,55,data/drawings/category/c7_3_bedroom.jpg,category,bedroom,NA,NA,data/stim/bedroom_high.jpg,NA,high,14295
42ec_1764027079037,56,data/drawings/category/c1_7_bedroom.jpg,category,bedroom,NA,NA,data/stim/bedroom_high.jpg,NA,high,4567
42ec_1764027079037,57,data/drawings/delayed_recall/7_17_low_house.jpg,delayed_recall,house,low,data/stim/house_low.jpg,data/stim/house_low.jpg,TRUE,NA,6958
42ec_1764027079037,58,data/drawings/delayed_recall/25_3_low_farm.jpg,delayed_recall,farm,low,data/stim/farm_low.jpg,data/stim/farm_low.jpg,TRUE,NA,9535
42ec_1764027079037,59,data/drawings/delayed_recall/17_8_low_fountain.jpg,delayed_recall,fountain,low,data/stim/fountain_low.jpg,data/stim/fountain_low.jpg,TRUE,NA,4487
5bee_1764028187352,0,data/drawings/category/c12_19_pool.jpg,category,pool,NA,NA,data/stim/pool_foil.jpg,NA,foil,7803
5bee_1764028187352,1,data/drawings/category/c2_24_playground.jpg,category,playground,NA,NA,data/stim/playground_high.jpg,NA,high,7505
5bee_1764028187352,2,data/drawings/delayed_recall/15_2_low_bathroom.jpg,delayed_recall,bathroom,low,data/stim/bathroom_low.jpg,data/stim/bathroom_low.jpg,TRUE,NA,13371
5bee_1764028187352,3,data/drawings/category/c1_7_bedroom.jpg,category,bedroom,NA,NA,data/stim/bedroom_high.jpg,NA,high,3962
5bee_1764028187352,4,data/drawings/category/c9_19_diningroom.jpg,category,diningroom,NA,NA,data/stim/dining_room_low.jpg,NA,low,3249
5bee_1764028187352,5,data/drawings/category/c13_4_bathroom.jpg,category,bathroom,NA,NA,data/stim/bathroom_low.jpg,NA,low,8084
5bee_1764028187352,6,data/drawings/delayed_recall/34_10_high_livingroom.jpg,delayed_recall,livingroom,high,data/stim/living_room_high.jpg,data/stim/living_room_high.jpg,TRUE,NA,2409
5bee_1764028187352,7,data/drawings/category/c2_9_livingroom.jpg,category,livingroom,NA,NA,data/stim/living_room_high.jpg,NA,high,6560
5bee_1764028187352,8,data/drawings/delayed_recall/22_1_high_lighthouse.jpg,delayed_recall,lighthouse,high,data/stim/lighthouse_high.jpg,data/stim/lighthouse_high.jpg,TRUE,NA,7364
5bee_1764028187352,9,data/drawings/category/c12_1_kitchen.jpg,category,kitchen,NA,NA,data/stim/kitchen_foil.jpg,NA,foil,9091
5bee_1764028187352,10,data/drawings/delayed_recall/4_5_low_playground.jpg,delayed_recall,playground,low,data/stim/playground_low.jpg,data/stim/playground_low.jpg,TRUE,NA,6561
5bee_1764028187352,11,data/drawings/delayed_recall/24_9_low_amusementpark.jpg,delayed_recall,amusementpark,low,data/stim/amusement_park_low.jpg,data/stim/amusement_park_low.jpg,TRUE,NA,5825
5bee_1764028187352,12,data/drawings/category/c11_15_badlands.jpg,category,badlands,NA,NA,data/stim/badlands_high.jpg,NA,high,10389
5bee_1764028187352,13,data/drawings/delayed_recall/15_12_high_badlands.jpg,delayed_recall,badlands,high,data/stim/badlands_high.jpg,data/stim/badlands_high.jpg,TRUE,NA,10382
5bee_1764028187352,14,data/drawings/category/c7_1_pool.jpg,category,pool,NA,NA,data/stim/pool_low.jpg,NA,low,8234
5bee_1764028187352,15,data/drawings/category/c4_10_lighthouse.jpg,category,lighthouse,NA,NA,data/stim/lighthouse_foil.jpg,NA,foil,6215
5bee_1764028187352,16,data/drawings/category/c10_18_playground.jpg,category,playground,NA,NA,data/stim/playground_low.jpg,NA,low,7230
5bee_1764028187352,17,data/drawings/category/c4_1_garden.jpg,category,garden,NA,NA,data/stim/garden_high.jpg,NA,high,8130
5bee_1764028187352,18,data/drawings/delayed_recall/31_5_high_farm.jpg,delayed_recall,farm,high,data/stim/farm_high.jpg,data/stim/farm_low.jpg,FALSE,NA,5554
5bee_1764028187352,19,data/drawings/delayed_recall/25_3_low_farm.jpg,delayed_recall,farm,low,data/stim/farm_low.jpg,data/stim/farm_low.jpg,TRUE,NA,6590
5bee_1764028187352,20,data/drawings/delayed_recall/11_10_low_livingroom.jpg,delayed_recall,livingroom,low,data/stim/living_room_low.jpg,data/stim/living_room_low.jpg,TRUE,NA,7597
5bee_1764028187352,21,data/drawings/delayed_recall/11_9_high_kitchen.jpg,delayed_recall,kitchen,high,data/stim/kitchen_high.jpg,data/stim/kitchen_high.jpg,TRUE,NA,6146
5bee_1764028187352,22,data/drawings/delayed_recall/22_18_high_tower.jpg,delayed_recall,tower,high,data/stim/tower_high.jpg,data/stim/tower_high.jpg,TRUE,NA,3437
5bee_1764028187352,23,data/drawings/delayed_recall/26_14_high_mountain.jpg,delayed_recall,mountain,high,data/stim/mountain_high.jpg,data/stim/mountain_high.jpg,TRUE,NA,4145
5bee_1764028187352,24,data/drawings/category/c4_24_fountain.jpg,category,fountain,NA,NA,data/stim/fountain_foil.jpg,NA,foil,8857
5bee_1764028187352,25,data/drawings/category/c12_2_tower.jpg,category,tower,NA,NA,data/stim/tower_low.jpg,NA,low,7147
5bee_1764028187352,26,data/drawings/delayed_recall/4_22_high_fountain.jpg,delayed_recall,fountain,high,data/stim/fountain_high.jpg,data/stim/fountain_high.jpg,TRUE,NA,7302
5bee_1764028187352,27,data/drawings/delayed_recall/7_5_low_pool.jpg,delayed_recall,pool,low,data/stim/pool_low.jpg,data/stim/pool_low.jpg,TRUE,NA,6855
5bee_1764028187352,28,data/drawings/category/c8_27_street.jpg,category,street,NA,NA,data/stim/street_low.jpg,NA,low,3039
5bee_1764028187352,29,data/drawings/delayed_recall/21_6_low_kitchen.jpg,delayed_recall,kitchen,low,data/stim/kitchen_low.jpg,data/stim/kitchen_foil.jpg,FALSE,NA,6816
5bee_1764028187352,30,data/drawings/delayed_recall/23_11_low_lighthouse.jpg,delayed_recall,lighthouse,low,data/stim/lighthouse_low.jpg,data/stim/lighthouse_low.jpg,TRUE,NA,6335
5bee_1764028187352,31,data/drawings/category/c3_7_livingroom.jpg,category,livingroom,NA,NA,data/stim/living_room_high.jpg,NA,high,13167
5bee_1764028187352,32,data/drawings/delayed_recall/31_3_high_garden.jpg,delayed_recall,garden,high,data/stim/garden_high.jpg,data/stim/garden_high.jpg,TRUE,NA,3769
5bee_1764028187352,33,data/drawings/delayed_recall/14_7_low_mountain.jpg,delayed_recall,mountain,low,data/stim/mountain_low.jpg,data/stim/mountain_low.jpg,TRUE,NA,8641
5bee_1764028187352,34,data/drawings/category/c4_7_farm.jpg,category,farm,NA,NA,data/stim/farm_low.jpg,NA,low,7237
5bee_1764028187352,35,data/drawings/category/c1_14_farm.jpg,category,farm,NA,NA,data/stim/farm_foil.jpg,NA,foil,7515
5bee_1764028187352,36,data/drawings/category/c1_2_diningroom.jpg,category,diningroom,NA,NA,data/stim/dining_room_foil.jpg,NA,foil,11216
5bee_1764028187352,37,data/drawings/delayed_recall/7_13_high_playground.jpg,delayed_recall,playground,high,data/stim/playground_high.jpg,data/stim/playground_high.jpg,TRUE,NA,2828
5bee_1764028187352,38,data/drawings/category/c12_29_house.jpg,category,house,NA,NA,data/stim/house_foil.jpg,NA,foil,3902
5bee_1764028187352,39,data/drawings/delayed_recall/7_9_low_badlands.jpg,delayed_recall,badlands,low,data/stim/badlands_low.jpg,data/stim/badlands_low.jpg,TRUE,NA,12492
5bee_1764028187352,40,data/drawings/category/c10_15_house.jpg,category,house,NA,NA,data/stim/house_foil.jpg,NA,foil,14355
5bee_1764028187352,41,data/drawings/delayed_recall/28_8_low_tower.jpg,delayed_recall,tower,low,data/stim/tower_low.jpg,data/stim/tower_low.jpg,TRUE,NA,8744
5bee_1764028187352,42,data/drawings/category/c4_2_kitchen.jpg,category,kitchen,NA,NA,data/stim/kitchen_foil.jpg,NA,foil,9511
5bee_1764028187352,43,data/drawings/delayed_recall/6_11_low_diningroom.jpg,delayed_recall,diningroom,low,data/stim/dining_room_low.jpg,data/stim/dining_room_low.jpg,TRUE,NA,5735
5bee_1764028187352,44,data/drawings/delayed_recall/18_5_high_bedroom.jpg,delayed_recall,bedroom,high,data/stim/bedroom_high.jpg,data/stim/bedroom_high.jpg,TRUE,NA,5323
5bee_1764028187352,45,data/drawings/category/c2_20_fountain.jpg,category,fountain,NA,NA,data/stim/fountain_foil.jpg,NA,foil,5740
5bee_1764028187352,46,data/drawings/delayed_recall/4_19_high_diningroom.jpg,delayed_recall,diningroom,high,data/stim/dining_room_high.jpg,data/stim/dining_room_high.jpg,TRUE,NA,7005
5bee_1764028187352,47,data/drawings/delayed_recall/20_10_high_street.jpg,delayed_recall,street,high,data/stim/street_high.jpg,data/stim/street_high.jpg,TRUE,NA,7251
5bee_1764028187352,48,data/drawings/category/c12_27_amusementpark.jpg,category,amusementpark,NA,NA,data/stim/amusement_park_high.jpg,NA,high,16230
5bee_1764028187352,49,data/drawings/category/c10_26_street.jpg,category,street,NA,NA,data/stim/street_high.jpg,NA,high,8857
5bee_1764028187352,50,data/drawings/delayed_recall/26_2_low_garden.jpg,delayed_recall,garden,low,data/stim/garden_low.jpg,data/stim/garden_low.jpg,TRUE,NA,17156
5bee_1764028187352,51,data/drawings/category/c12_28_garden.jpg,category,garden,NA,NA,data/stim/garden_foil.jpg,NA,foil,15014
5bee_1764028187352,52,data/drawings/category/c12_4_mountain.jpg,category,mountain,NA,NA,data/stim/mountain_foil.jpg,NA,foil,5616
5bee_1764028187352,53,data/drawings/delayed_recall/7_17_low_house.jpg,delayed_recall,house,low,data/stim/house_low.jpg,data/stim/house_low.jpg,TRUE,NA,7559
5bee_1764028187352,54,data/drawings/category/c14_13_tower.jpg,category,tower,NA,NA,data/stim/tower_foil.jpg,NA,foil,11434
5bee_1764028187352,55,data/drawings/category/c7_10_bathroom.jpg,category,bathroom,NA,NA,data/stim/bathroom_foil.jpg,NA,foil,9820
5bee_1764028187352,56,data/drawings/delayed_recall/22_13_high_pool.jpg,delayed_recall,pool,high,data/stim/pool_high.jpg,data/stim/pool_foil.jpg,FALSE,NA,10276
5bee_1764028187352,57,data/drawings/category/c7_3_bedroom.jpg,category,bedroom,NA,NA,data/stim/bedroom_low.jpg,NA,low,8414
5bee_1764028187352,58,data/drawings/category/c1_27_badlands.jpg,category,badlands,NA,NA,data/stim/badlands_foil.jpg,NA,foil,9248
5bee_1764028187352,59,data/drawings/delayed_recall/17_8_low_fountain.jpg,delayed_recall,fountain,low,data/stim/fountain_low.jpg,data/stim/fountain_low.jpg,TRUE,NA,6891
5fc8_1764027336672,0,data/drawings/category/c12_28_garden.jpg,category,garden,NA,NA,data/stim/garden_high.jpg,NA,high,15032
5fc8_1764027336672,1,data/drawings/category/c1_7_bedroom.jpg,category,bedroom,NA,NA,data/stim/bedroom_high.jpg,NA,high,6380
5fc8_1764027336672,2,data/drawings/delayed_recall/7_13_high_playground.jpg,delayed_recall,playground,high,data/stim/playground_high.jpg,data/stim/playground_high.jpg,TRUE,NA,2265
5fc8_1764027336672,3,data/drawings/category/c4_1_garden.jpg,category,garden,NA,NA,data/stim/garden_low.jpg,NA,low,8664
5fc8_1764027336672,4,data/drawings/delayed_recall/14_7_low_mountain.jpg,delayed_recall,mountain,low,data/stim/mountain_low.jpg,data/stim/mountain_high.jpg,FALSE,NA,10264
5fc8_1764027336672,5,data/drawings/delayed_recall/26_2_low_garden.jpg,delayed_recall,garden,low,data/stim/garden_low.jpg,data/stim/garden_low.jpg,TRUE,NA,7948
5fc8_1764027336672,6,data/drawings/category/c8_28_amusementpark.jpg,category,amusementpark,NA,NA,data/stim/amusement_park_low.jpg,NA,low,9397
5fc8_1764027336672,7,data/drawings/delayed_recall/7_9_low_badlands.jpg,delayed_recall,badlands,low,data/stim/badlands_low.jpg,data/stim/badlands_foil.jpg,FALSE,NA,18464
5fc8_1764027336672,8,data/drawings/category/c9_11_lighthouse.jpg,category,lighthouse,NA,NA,data/stim/lighthouse_high.jpg,NA,high,7049
5fc8_1764027336672,9,data/drawings/delayed_recall/24_9_low_amusementpark.jpg,delayed_recall,amusementpark,low,data/stim/amusement_park_low.jpg,data/stim/amusement_park_low.jpg,TRUE,NA,6114
5fc8_1764027336672,10,data/drawings/delayed_recall/28_8_low_tower.jpg,delayed_recall,tower,low,data/stim/tower_low.jpg,data/stim/tower_low.jpg,TRUE,NA,4215
5fc8_1764027336672,11,data/drawings/delayed_recall/20_10_high_street.jpg,delayed_recall,street,high,data/stim/street_high.jpg,data/stim/street_high.jpg,TRUE,NA,6214
5fc8_1764027336672,12,data/drawings/category/c13_4_bathroom.jpg,category,bathroom,NA,NA,data/stim/bathroom_high.jpg,NA,high,10563
5fc8_1764027336672,13,data/drawings/delayed_recall/11_9_high_kitchen.jpg,delayed_recall,kitchen,high,data/stim/kitchen_high.jpg,data/stim/kitchen_high.jpg,TRUE,NA,5934
5fc8_1764027336672,14,data/drawings/category/c4_24_fountain.jpg,category,fountain,NA,NA,data/stim/fountain_foil.jpg,NA,foil,3981
5fc8_1764027336672,15,data/drawings/category/c12_2_tower.jpg,category,tower,NA,NA,data/stim/tower_foil.jpg,NA,foil,5965
5fc8_1764027336672,16,data/drawings/delayed_recall/21_6_low_kitchen.jpg,delayed_recall,kitchen,low,data/stim/kitchen_low.jpg,data/stim/kitchen_foil.jpg,FALSE,NA,7964
5fc8_1764027336672,17,data/drawings/category/c2_20_fountain.jpg,category,fountain,NA,NA,data/stim/fountain_foil.jpg,NA,foil,5230
5fc8_1764027336672,18,data/drawings/category/c1_27_badlands.jpg,category,badlands,NA,NA,data/stim/badlands_foil.jpg,NA,foil,3851
5fc8_1764027336672,19,data/drawings/category/c1_14_farm.jpg,category,farm,NA,NA,data/stim/farm_low.jpg,NA,low,9915
5fc8_1764027336672,20,data/drawings/category/c2_24_playground.jpg,category,playground,NA,NA,data/stim/playground_high.jpg,NA,high,8264
5fc8_1764027336672,21,data/drawings/category/c3_7_livingroom.jpg,category,livingroom,NA,NA,data/stim/living_room_high.jpg,NA,high,8615
5fc8_1764027336672,22,data/drawings/delayed_recall/15_12_high_badlands.jpg,delayed_recall,badlands,high,data/stim/badlands_high.jpg,data/stim/badlands_high.jpg,TRUE,NA,6331
5fc8_1764027336672,23,data/drawings/delayed_recall/27_10_low_street.jpg,delayed_recall,street,low,data/stim/street_low.jpg,data/stim/street_low.jpg,TRUE,NA,5998
5fc8_1764027336672,24,data/drawings/category/c12_4_mountain.jpg,category,mountain,NA,NA,data/stim/mountain_foil.jpg,NA,foil,8231
5fc8_1764027336672,25,data/drawings/delayed_recall/4_19_high_diningroom.jpg,delayed_recall,diningroom,high,data/stim/dining_room_high.jpg,data/stim/dining_room_high.jpg,TRUE,NA,5415
5fc8_1764027336672,26,data/drawings/category/c12_29_house.jpg,category,house,NA,NA,data/stim/house_foil.jpg,NA,foil,16448
5fc8_1764027336672,27,data/drawings/category/c9_19_diningroom.jpg,category,diningroom,NA,NA,data/stim/dining_room_low.jpg,NA,low,11514
5fc8_1764027336672,28,data/drawings/delayed_recall/18_5_high_bedroom.jpg,delayed_recall,bedroom,high,data/stim/bedroom_high.jpg,data/stim/bedroom_high.jpg,TRUE,NA,4448
5fc8_1764027336672,29,data/drawings/delayed_recall/23_11_low_lighthouse.jpg,delayed_recall,lighthouse,low,data/stim/lighthouse_low.jpg,data/stim/lighthouse_high.jpg,FALSE,NA,1780
5fc8_1764027336672,30,data/drawings/category/c1_2_diningroom.jpg,category,diningroom,NA,NA,data/stim/dining_room_foil.jpg,NA,foil,7799
5fc8_1764027336672,31,data/drawings/category/c4_7_farm.jpg,category,farm,NA,NA,data/stim/farm_low.jpg,NA,low,3414
5fc8_1764027336672,32,data/drawings/delayed_recall/11_10_low_livingroom.jpg,delayed_recall,livingroom,low,data/stim/living_room_low.jpg,data/stim/living_room_low.jpg,TRUE,NA,8349
5fc8_1764027336672,33,data/drawings/delayed_recall/4_5_low_playground.jpg,delayed_recall,playground,low,data/stim/playground_low.jpg,data/stim/playground_low.jpg,TRUE,NA,8298
5fc8_1764027336672,34,data/drawings/delayed_recall/22_1_high_lighthouse.jpg,delayed_recall,lighthouse,high,data/stim/lighthouse_high.jpg,data/stim/lighthouse_high.jpg,TRUE,NA,3380
5fc8_1764027336672,35,data/drawings/category/c7_1_pool.jpg,category,pool,NA,NA,data/stim/pool_low.jpg,NA,low,3882
5fc8_1764027336672,36,data/drawings/delayed_recall/15_2_low_bathroom.jpg,delayed_recall,bathroom,low,data/stim/bathroom_low.jpg,data/stim/bathroom_low.jpg,TRUE,NA,13848
5fc8_1764027336672,37,data/drawings/delayed_recall/31_3_high_garden.jpg,delayed_recall,garden,high,data/stim/garden_high.jpg,data/stim/garden_high.jpg,TRUE,NA,3916
5fc8_1764027336672,38,data/drawings/category/c2_9_livingroom.jpg,category,livingroom,NA,NA,data/stim/living_room_foil.jpg,NA,foil,17631
5fc8_1764027336672,39,data/drawings/category/c7_3_bedroom.jpg,category,bedroom,NA,NA,data/stim/bedroom_low.jpg,NA,low,5932
5fc8_1764027336672,40,data/drawings/category/c4_2_kitchen.jpg,category,kitchen,NA,NA,data/stim/kitchen_low.jpg,NA,low,10964
5fc8_1764027336672,41,data/drawings/delayed_recall/25_3_low_farm.jpg,delayed_recall,farm,low,data/stim/farm_low.jpg,data/stim/farm_low.jpg,TRUE,NA,6448
5fc8_1764027336672,42,data/drawings/delayed_recall/7_17_low_house.jpg,delayed_recall,house,low,data/stim/house_low.jpg,data/stim/house_low.jpg,TRUE,NA,3131
5fc8_1764027336672,43,data/drawings/category/c10_22_mountain.jpg,category,mountain,NA,NA,data/stim/mountain_low.jpg,NA,low,12248
5fc8_1764027336672,44,data/drawings/delayed_recall/25_13_high_amusementpark.jpg,delayed_recall,amusementpark,high,data/stim/amusement_park_high.jpg,data/stim/amusement_park_high.jpg,TRUE,NA,4632
5fc8_1764027336672,45,data/drawings/delayed_recall/7_5_low_pool.jpg,delayed_recall,pool,low,data/stim/pool_low.jpg,data/stim/pool_low.jpg,TRUE,NA,6681
5fc8_1764027336672,46,data/drawings/category/c8_27_street.jpg,category,street,NA,NA,data/stim/street_high.jpg,NA,high,2514
5fc8_1764027336672,47,data/drawings/category/c10_15_house.jpg,category,house,NA,NA,data/stim/house_foil.jpg,NA,foil,8998
5fc8_1764027336672,48,data/drawings/delayed_recall/27_3_low_bedroom.jpg,delayed_recall,bedroom,low,data/stim/bedroom_low.jpg,data/stim/bedroom_low.jpg,TRUE,NA,2181
5fc8_1764027336672,49,data/drawings/delayed_recall/22_13_high_pool.jpg,delayed_recall,pool,high,data/stim/pool_high.jpg,data/stim/pool_foil.jpg,FALSE,NA,8731
5fc8_1764027336672,50,data/drawings/delayed_recall/4_22_high_fountain.jpg,delayed_recall,fountain,high,data/stim/fountain_high.jpg,data/stim/fountain_high.jpg,TRUE,NA,2498
5fc8_1764027336672,51,data/drawings/delayed_recall/6_11_low_diningroom.jpg,delayed_recall,diningroom,low,data/stim/dining_room_low.jpg,data/stim/dining_room_low.jpg,TRUE,NA,20331
5fc8_1764027336672,52,data/drawings/delayed_recall/31_5_high_farm.jpg,delayed_recall,farm,high,data/stim/farm_high.jpg,data/stim/farm_high.jpg,TRUE,NA,3564
5fc8_1764027336672,53,data/drawings/category/c10_18_playground.jpg,category,playground,NA,NA,data/stim/playground_foil.jpg,NA,foil,11515
5fc8_1764027336672,54,data/drawings/delayed_recall/22_18_high_tower.jpg,delayed_recall,tower,high,data/stim/tower_high.jpg,data/stim/tower_high.jpg,TRUE,NA,1649
5fc8_1764027336672,55,data/drawings/category/c7_10_bathroom.jpg,category,bathroom,NA,NA,data/stim/bathroom_foil.jpg,NA,foil,10515
5fc8_1764027336672,56,data/drawings/category/c12_19_pool.jpg,category,pool,NA,NA,data/stim/pool_foil.jpg,NA,foil,9865
5fc8_1764027336672,57,data/drawings/delayed_recall/7_19_high_bathroom.jpg,delayed_recall,bathroom,high,data/stim/bathroom_high.jpg,data/stim/bathroom_high.jpg,TRUE,NA,4763
5fc8_1764027336672,58,data/drawings/category/c12_1_kitchen.jpg,category,kitchen,NA,NA,data/stim/kitchen_foil.jpg,NA,foil,16682
5fc8_1764027336672,59,data/drawings/category/c4_10_lighthouse.jpg,category,lighthouse,NA,NA,data/stim/lighthouse_foil.jpg,NA,foil,3898
68e2_1764028129840,0,data/drawings/delayed_recall/15_2_low_bathroom.jpg,delayed_recall,bathroom,low,data/stim/bathroom_low.jpg,data/stim/bathroom_low.jpg,TRUE,NA,9770
68e2_1764028129840,1,data/drawings/category/c10_26_street.jpg,category,street,NA,NA,data/stim/street_high.jpg,NA,high,8016
68e2_1764028129840,2,data/drawings/delayed_recall/31_5_high_farm.jpg,delayed_recall,farm,high,data/stim/farm_high.jpg,data/stim/farm_high.jpg,TRUE,NA,4712
68e2_1764028129840,3,data/drawings/delayed_recall/31_3_high_garden.jpg,delayed_recall,garden,high,data/stim/garden_high.jpg,data/stim/garden_high.jpg,TRUE,NA,5386
68e2_1764028129840,4,data/drawings/delayed_recall/17_8_low_fountain.jpg,delayed_recall,fountain,low,data/stim/fountain_low.jpg,data/stim/fountain_low.jpg,TRUE,NA,4857
68e2_1764028129840,5,data/drawings/category/c9_11_lighthouse.jpg,category,lighthouse,NA,NA,data/stim/lighthouse_high.jpg,NA,high,6850
68e2_1764028129840,6,data/drawings/delayed_recall/11_10_low_livingroom.jpg,delayed_recall,livingroom,low,data/stim/living_room_low.jpg,data/stim/living_room_low.jpg,TRUE,NA,4990
68e2_1764028129840,7,data/drawings/category/c12_27_amusementpark.jpg,category,amusementpark,NA,NA,data/stim/amusement_park_foil.jpg,NA,foil,4694
68e2_1764028129840,8,data/drawings/category/c8_28_amusementpark.jpg,category,amusementpark,NA,NA,data/stim/amusement_park_low.jpg,NA,low,5408
68e2_1764028129840,9,data/drawings/delayed_recall/27_10_low_street.jpg,delayed_recall,street,low,data/stim/street_low.jpg,data/stim/street_low.jpg,TRUE,NA,19075
68e2_1764028129840,10,data/drawings/category/c11_15_badlands.jpg,category,badlands,NA,NA,data/stim/badlands_high.jpg,NA,high,4533
68e2_1764028129840,11,data/drawings/delayed_recall/4_5_low_playground.jpg,delayed_recall,playground,low,data/stim/playground_low.jpg,data/stim/playground_low.jpg,TRUE,NA,7546
68e2_1764028129840,12,data/drawings/delayed_recall/25_3_low_farm.jpg,delayed_recall,farm,low,data/stim/farm_low.jpg,data/stim/farm_low.jpg,TRUE,NA,4925
68e2_1764028129840,13,data/drawings/category/c10_18_playground.jpg,category,playground,NA,NA,data/stim/playground_foil.jpg,NA,foil,11641
68e2_1764028129840,14,data/drawings/delayed_recall/4_22_high_fountain.jpg,delayed_recall,fountain,high,data/stim/fountain_high.jpg,data/stim/fountain_high.jpg,TRUE,NA,4144
68e2_1764028129840,15,data/drawings/delayed_recall/7_5_low_pool.jpg,delayed_recall,pool,low,data/stim/pool_low.jpg,data/stim/pool_low.jpg,TRUE,NA,3581
68e2_1764028129840,16,data/drawings/category/c7_1_pool.jpg,category,pool,NA,NA,data/stim/pool_low.jpg,NA,low,2697
68e2_1764028129840,17,data/drawings/category/c1_2_diningroom.jpg,category,diningroom,NA,NA,data/stim/dining_room_high.jpg,NA,high,8822
68e2_1764028129840,18,data/drawings/delayed_recall/22_1_high_lighthouse.jpg,delayed_recall,lighthouse,high,data/stim/lighthouse_high.jpg,data/stim/lighthouse_high.jpg,TRUE,NA,6434
68e2_1764028129840,19,data/drawings/category/c12_2_tower.jpg,category,tower,NA,NA,data/stim/tower_foil.jpg,NA,foil,3280
68e2_1764028129840,20,data/drawings/delayed_recall/22_18_high_tower.jpg,delayed_recall,tower,high,data/stim/tower_high.jpg,data/stim/tower_high.jpg,TRUE,NA,4519
68e2_1764028129840,21,data/drawings/category/c9_19_diningroom.jpg,category,diningroom,NA,NA,data/stim/dining_room_low.jpg,NA,low,8172
68e2_1764028129840,22,data/drawings/category/c1_27_badlands.jpg,category,badlands,NA,NA,data/stim/badlands_foil.jpg,NA,foil,3420
68e2_1764028129840,23,data/drawings/category/c3_7_livingroom.jpg,category,livingroom,NA,NA,data/stim/living_room_high.jpg,NA,high,5363
68e2_1764028129840,24,data/drawings/category/c10_22_mountain.jpg,category,mountain,NA,NA,data/stim/mountain_foil.jpg,NA,foil,4409
68e2_1764028129840,25,data/drawings/delayed_recall/7_17_low_house.jpg,delayed_recall,house,low,data/stim/house_low.jpg,data/stim/house_low.jpg,TRUE,NA,3300
68e2_1764028129840,26,data/drawings/delayed_recall/14_7_low_mountain.jpg,delayed_recall,mountain,low,data/stim/mountain_low.jpg,data/stim/mountain_low.jpg,TRUE,NA,3111
68e2_1764028129840,27,data/drawings/category/c1_14_farm.jpg,category,farm,NA,NA,data/stim/farm_low.jpg,NA,low,8048
68e2_1764028129840,28,data/drawings/delayed_recall/22_13_high_pool.jpg,delayed_recall,pool,high,data/stim/pool_high.jpg,data/stim/pool_low.jpg,FALSE,NA,5461
68e2_1764028129840,29,data/drawings/category/c8_27_street.jpg,category,street,NA,NA,data/stim/street_high.jpg,NA,high,3491
68e2_1764028129840,30,data/drawings/category/c14_13_tower.jpg,category,tower,NA,NA,data/stim/tower_low.jpg,NA,low,5234
68e2_1764028129840,31,data/drawings/category/c4_1_garden.jpg,category,garden,NA,NA,data/stim/garden_low.jpg,NA,low,3694
68e2_1764028129840,32,data/drawings/delayed_recall/26_2_low_garden.jpg,delayed_recall,garden,low,data/stim/garden_low.jpg,data/stim/garden_low.jpg,TRUE,NA,4870
68e2_1764028129840,33,data/drawings/delayed_recall/34_10_high_livingroom.jpg,delayed_recall,livingroom,high,data/stim/living_room_high.jpg,data/stim/living_room_high.jpg,TRUE,NA,3660
68e2_1764028129840,34,data/drawings/category/c4_2_kitchen.jpg,category,kitchen,NA,NA,data/stim/kitchen_foil.jpg,NA,foil,4130
68e2_1764028129840,35,data/drawings/delayed_recall/25_13_high_amusementpark.jpg,delayed_recall,amusementpark,high,data/stim/amusement_park_high.jpg,data/stim/amusement_park_high.jpg,TRUE,NA,8766
68e2_1764028129840,36,data/drawings/category/c2_9_livingroom.jpg,category,livingroom,NA,NA,data/stim/living_room_high.jpg,NA,high,3375
68e2_1764028129840,37,data/drawings/category/c4_7_farm.jpg,category,farm,NA,NA,data/stim/farm_low.jpg,NA,low,3390
68e2_1764028129840,38,data/drawings/delayed_recall/23_11_low_lighthouse.jpg,delayed_recall,lighthouse,low,data/stim/lighthouse_low.jpg,data/stim/lighthouse_low.jpg,TRUE,NA,5211
68e2_1764028129840,39,data/drawings/category/c13_4_bathroom.jpg,category,bathroom,NA,NA,data/stim/bathroom_foil.jpg,NA,foil,4277
68e2_1764028129840,40,data/drawings/delayed_recall/12_7_high_house.jpg,delayed_recall,house,high,data/stim/house_high.jpg,data/stim/house_low.jpg,FALSE,NA,7229
68e2_1764028129840,41,data/drawings/delayed_recall/26_14_high_mountain.jpg,delayed_recall,mountain,high,data/stim/mountain_high.jpg,data/stim/mountain_high.jpg,TRUE,NA,3963
68e2_1764028129840,42,data/drawings/category/c10_15_house.jpg,category,house,NA,NA,data/stim/house_foil.jpg,NA,foil,4094
68e2_1764028129840,43,data/drawings/category/c12_19_pool.jpg,category,pool,NA,NA,data/stim/pool_high.jpg,NA,high,7829
68e2_1764028129840,44,data/drawings/category/c12_4_mountain.jpg,category,mountain,NA,NA,data/stim/mountain_low.jpg,NA,low,5560
68e2_1764028129840,45,data/drawings/delayed_recall/20_10_high_street.jpg,delayed_recall,street,high,data/stim/street_high.jpg,data/stim/street_high.jpg,TRUE,NA,4516
68e2_1764028129840,46,data/drawings/category/c12_1_kitchen.jpg,category,kitchen,NA,NA,data/stim/kitchen_high.jpg,NA,high,3699
68e2_1764028129840,47,data/drawings/delayed_recall/6_11_low_diningroom.jpg,delayed_recall,diningroom,low,data/stim/dining_room_low.jpg,data/stim/dining_room_foil.jpg,FALSE,NA,3166
68e2_1764028129840,48,data/drawings/delayed_recall/18_5_high_bedroom.jpg,delayed_recall,bedroom,high,data/stim/bedroom_high.jpg,data/stim/bedroom_high.jpg,TRUE,NA,4582
68e2_1764028129840,49,data/drawings/category/c7_3_bedroom.jpg,category,bedroom,NA,NA,data/stim/bedroom_low.jpg,NA,low,5480
68e2_1764028129840,50,data/drawings/delayed_recall/7_19_high_bathroom.jpg,delayed_recall,bathroom,high,data/stim/bathroom_high.jpg,data/stim/bathroom_high.jpg,TRUE,NA,4060
68e2_1764028129840,51,data/drawings/category/c12_29_house.jpg,category,house,NA,NA,data/stim/house_high.jpg,NA,high,5050
68e2_1764028129840,52,data/drawings/delayed_recall/28_8_low_tower.jpg,delayed_recall,tower,low,data/stim/tower_low.jpg,data/stim/tower_low.jpg,TRUE,NA,2481
68e2_1764028129840,53,data/drawings/category/c1_7_bedroom.jpg,category,bedroom,NA,NA,data/stim/bedroom_foil.jpg,NA,foil,4058
68e2_1764028129840,54,data/drawings/delayed_recall/24_9_low_amusementpark.jpg,delayed_recall,amusementpark,low,data/stim/amusement_park_low.jpg,data/stim/amusement_park_low.jpg,TRUE,NA,2757
68e2_1764028129840,55,data/drawings/delayed_recall/11_9_high_kitchen.jpg,delayed_recall,kitchen,high,data/stim/kitchen_high.jpg,data/stim/kitchen_high.jpg,TRUE,NA,4192
68e2_1764028129840,56,data/drawings/category/c12_28_garden.jpg,category,garden,NA,NA,data/stim/garden_foil.jpg,NA,foil,4394
68e2_1764028129840,57,data/drawings/category/c4_24_fountain.jpg,category,fountain,NA,NA,data/stim/fountain_foil.jpg,NA,foil,3997
68e2_1764028129840,58,data/drawings/category/c7_10_bathroom.jpg,category,bathroom,NA,NA,data/stim/bathroom_foil.jpg,NA,foil,23886
68e2_1764028129840,59,data/drawings/category/c4_10_lighthouse.jpg,category,lighthouse,NA,NA,data/stim/lighthouse_foil.jpg,NA,foil,2306
719f_1764026931543,0,data/drawings/category/c4_7_farm.jpg,category,farm,NA,NA,data/stim/farm_foil.jpg,NA,foil,23260
719f_1764026931543,1,data/drawings/delayed_recall/28_8_low_tower.jpg,delayed_recall,tower,low,data/stim/tower_low.jpg,data/stim/tower_low.jpg,TRUE,NA,18897
719f_1764026931543,2,data/drawings/delayed_recall/31_3_high_garden.jpg,delayed_recall,garden,high,data/stim/garden_high.jpg,data/stim/garden_high.jpg,TRUE,NA,22331
719f_1764026931543,3,data/drawings/delayed_recall/22_18_high_tower.jpg,delayed_recall,tower,high,data/stim/tower_high.jpg,data/stim/tower_high.jpg,TRUE,NA,17648
719f_1764026931543,4,data/drawings/delayed_recall/27_10_low_street.jpg,delayed_recall,street,low,data/stim/street_low.jpg,data/stim/street_low.jpg,TRUE,NA,12631
719f_1764026931543,5,data/drawings/category/c8_27_street.jpg,category,street,NA,NA,data/stim/street_foil.jpg,NA,foil,14814
719f_1764026931543,6,data/drawings/delayed_recall/7_17_low_house.jpg,delayed_recall,house,low,data/stim/house_low.jpg,data/stim/house_low.jpg,TRUE,NA,13831
719f_1764026931543,7,data/drawings/delayed_recall/26_14_high_mountain.jpg,delayed_recall,mountain,high,data/stim/mountain_high.jpg,data/stim/mountain_high.jpg,TRUE,NA,6314
719f_1764026931543,8,data/drawings/delayed_recall/6_11_low_diningroom.jpg,delayed_recall,diningroom,low,data/stim/dining_room_low.jpg,data/stim/dining_room_low.jpg,TRUE,NA,9298
719f_1764026931543,9,data/drawings/category/c10_18_playground.jpg,category,playground,NA,NA,data/stim/playground_low.jpg,NA,low,32963
719f_1764026931543,10,data/drawings/category/c1_14_farm.jpg,category,farm,NA,NA,data/stim/farm_high.jpg,NA,high,31430
719f_1764026931543,11,data/drawings/category/c2_20_fountain.jpg,category,fountain,NA,NA,data/stim/fountain_foil.jpg,NA,foil,16048
719f_1764026931543,12,data/drawings/delayed_recall/7_19_high_bathroom.jpg,delayed_recall,bathroom,high,data/stim/bathroom_high.jpg,data/stim/bathroom_low.jpg,FALSE,NA,17581
719f_1764026931543,13,data/drawings/delayed_recall/22_13_high_pool.jpg,delayed_recall,pool,high,data/stim/pool_high.jpg,data/stim/pool_foil.jpg,FALSE,NA,29931
719f_1764026931543,14,data/drawings/category/c13_4_bathroom.jpg,category,bathroom,NA,NA,data/stim/bathroom_high.jpg,NA,high,26048
719f_1764026931543,15,data/drawings/category/c12_1_kitchen.jpg,category,kitchen,NA,NA,data/stim/kitchen_low.jpg,NA,low,27198
719f_1764026931543,16,data/drawings/category/c4_1_garden.jpg,category,garden,NA,NA,data/stim/garden_low.jpg,NA,low,16331
719f_1764026931543,17,data/drawings/category/c7_10_bathroom.jpg,category,bathroom,NA,NA,data/stim/bathroom_high.jpg,NA,high,29381
719f_1764026931543,18,data/drawings/category/c4_2_kitchen.jpg,category,kitchen,NA,NA,data/stim/kitchen_low.jpg,NA,low,18081
719f_1764026931543,19,data/drawings/category/c12_2_tower.jpg,category,tower,NA,NA,data/stim/tower_foil.jpg,NA,foil,26064
719f_1764026931543,20,data/drawings/category/c10_26_street.jpg,category,street,NA,NA,data/stim/street_low.jpg,NA,low,12882
719f_1764026931543,21,data/drawings/delayed_recall/26_2_low_garden.jpg,delayed_recall,garden,low,data/stim/garden_low.jpg,data/stim/garden_low.jpg,TRUE,NA,19948
719f_1764026931543,22,data/drawings/delayed_recall/14_7_low_mountain.jpg,delayed_recall,mountain,low,data/stim/mountain_low.jpg,data/stim/mountain_low.jpg,TRUE,NA,40031
719f_1764026931543,23,data/drawings/delayed_recall/24_9_low_amusementpark.jpg,delayed_recall,amusementpark,low,data/stim/amusement_park_low.jpg,data/stim/amusement_park_low.jpg,TRUE,NA,9682
719f_1764026931543,24,data/drawings/delayed_recall/7_9_low_badlands.jpg,delayed_recall,badlands,low,data/stim/badlands_low.jpg,data/stim/badlands_low.jpg,TRUE,NA,23431
719f_1764026931543,25,data/drawings/category/c1_2_diningroom.jpg,category,diningroom,NA,NA,data/stim/dining_room_foil.jpg,NA,foil,24331
719f_1764026931543,26,data/drawings/category/c12_4_mountain.jpg,category,mountain,NA,NA,data/stim/mountain_foil.jpg,NA,foil,25831
719f_1764026931543,27,data/drawings/category/c2_9_livingroom.jpg,category,livingroom,NA,NA,data/stim/living_room_foil.jpg,NA,foil,40047
719f_1764026931543,28,data/drawings/delayed_recall/31_5_high_farm.jpg,delayed_recall,farm,high,data/stim/farm_high.jpg,data/stim/farm_high.jpg,TRUE,NA,13548
719f_1764026931543,29,data/drawings/delayed_recall/18_5_high_bedroom.jpg,delayed_recall,bedroom,high,data/stim/bedroom_high.jpg,data/stim/bedroom_high.jpg,TRUE,NA,27681
719f_1764026931543,30,data/drawings/delayed_recall/23_11_low_lighthouse.jpg,delayed_recall,lighthouse,low,data/stim/lighthouse_low.jpg,data/stim/lighthouse_low.jpg,TRUE,NA,17749
719f_1764026931543,31,data/drawings/category/c4_24_fountain.jpg,category,fountain,NA,NA,data/stim/fountain_foil.jpg,NA,foil,8014
719f_1764026931543,32,data/drawings/category/c14_13_tower.jpg,category,tower,NA,NA,data/stim/tower_low.jpg,NA,low,24864
719f_1764026931543,33,data/drawings/category/c3_7_livingroom.jpg,category,livingroom,NA,NA,data/stim/living_room_low.jpg,NA,low,41233
719f_1764026931543,34,data/drawings/category/c2_24_playground.jpg,category,playground,NA,NA,data/stim/playground_foil.jpg,NA,foil,16897
719f_1764026931543,35,data/drawings/delayed_recall/27_3_low_bedroom.jpg,delayed_recall,bedroom,low,data/stim/bedroom_low.jpg,data/stim/bedroom_low.jpg,TRUE,NA,5031
719f_1764026931543,36,data/drawings/delayed_recall/15_2_low_bathroom.jpg,delayed_recall,bathroom,low,data/stim/bathroom_low.jpg,data/stim/bathroom_low.jpg,TRUE,NA,15398
719f_1764026931543,37,data/drawings/category/c12_27_amusementpark.jpg,category,amusementpark,NA,NA,data/stim/amusement_park_low.jpg,NA,low,26264
719f_1764026931543,38,data/drawings/category/c1_27_badlands.jpg,category,badlands,NA,NA,data/stim/badlands_low.jpg,NA,low,17348
719f_1764026931543,39,data/drawings/category/c8_28_amusementpark.jpg,category,amusementpark,NA,NA,data/stim/amusement_park_low.jpg,NA,low,16998
719f_1764026931543,40,data/drawings/category/c10_22_mountain.jpg,category,mountain,NA,NA,data/stim/mountain_foil.jpg,NA,foil,17315
719f_1764026931543,41,data/drawings/delayed_recall/25_3_low_farm.jpg,delayed_recall,farm,low,data/stim/farm_low.jpg,data/stim/farm_low.jpg,TRUE,NA,9014
719f_1764026931543,42,data/drawings/delayed_recall/22_1_high_lighthouse.jpg,delayed_recall,lighthouse,high,data/stim/lighthouse_high.jpg,data/stim/lighthouse_high.jpg,TRUE,NA,17314
719f_1764026931543,43,data/drawings/delayed_recall/7_5_low_pool.jpg,delayed_recall,pool,low,data/stim/pool_low.jpg,data/stim/pool_low.jpg,TRUE,NA,16281
719f_1764026931543,44,data/drawings/category/c11_15_badlands.jpg,category,badlands,NA,NA,data/stim/badlands_high.jpg,NA,high,22298
719f_1764026931543,45,data/drawings/delayed_recall/4_22_high_fountain.jpg,delayed_recall,fountain,high,data/stim/fountain_high.jpg,data/stim/fountain_high.jpg,TRUE,NA,12948
719f_1764026931543,46,data/drawings/delayed_recall/4_19_high_diningroom.jpg,delayed_recall,diningroom,high,data/stim/dining_room_high.jpg,data/stim/dining_room_high.jpg,TRUE,NA,15781
719f_1764026931543,47,data/drawings/delayed_recall/11_9_high_kitchen.jpg,delayed_recall,kitchen,high,data/stim/kitchen_high.jpg,data/stim/kitchen_high.jpg,TRUE,NA,12897
719f_1764026931543,48,data/drawings/category/c7_1_pool.jpg,category,pool,NA,NA,data/stim/pool_low.jpg,NA,low,9081
719f_1764026931543,49,data/drawings/delayed_recall/21_6_low_kitchen.jpg,delayed_recall,kitchen,low,data/stim/kitchen_low.jpg,data/stim/kitchen_high.jpg,FALSE,NA,20865
719f_1764026931543,50,data/drawings/category/c4_10_lighthouse.jpg,category,lighthouse,NA,NA,data/stim/lighthouse_low.jpg,NA,low,19981
719f_1764026931543,51,data/drawings/category/c1_7_bedroom.jpg,category,bedroom,NA,NA,data/stim/bedroom_low.jpg,NA,low,26749
719f_1764026931543,52,data/drawings/delayed_recall/12_7_high_house.jpg,delayed_recall,house,high,data/stim/house_high.jpg,data/stim/house_low.jpg,FALSE,NA,24830
719f_1764026931543,53,data/drawings/delayed_recall/11_10_low_livingroom.jpg,delayed_recall,livingroom,low,data/stim/living_room_low.jpg,data/stim/living_room_low.jpg,TRUE,NA,19981
719f_1764026931543,54,data/drawings/category/c12_29_house.jpg,category,house,NA,NA,data/stim/house_foil.jpg,NA,foil,17282
719f_1764026931543,55,data/drawings/category/c12_28_garden.jpg,category,garden,NA,NA,data/stim/garden_foil.jpg,NA,foil,10731
719f_1764026931543,56,data/drawings/delayed_recall/4_5_low_playground.jpg,delayed_recall,playground,low,data/stim/playground_low.jpg,data/stim/playground_low.jpg,TRUE,NA,11847
719f_1764026931543,57,data/drawings/category/c9_19_diningroom.jpg,category,diningroom,NA,NA,data/stim/dining_room_high.jpg,NA,high,33698
719f_1764026931543,58,data/drawings/category/c7_3_bedroom.jpg,category,bedroom,NA,NA,data/stim/bedroom_low.jpg,NA,low,31081
719f_1764026931543,59,data/drawings/delayed_recall/15_12_high_badlands.jpg,delayed_recall,badlands,high,data/stim/badlands_high.jpg,data/stim/badlands_high.jpg,TRUE,NA,12163
8c4d_1764027882595,0,data/drawings/delayed_recall/20_10_high_street.jpg,delayed_recall,street,high,data/stim/street_high.jpg,data/stim/street_high.jpg,TRUE,NA,9189
8c4d_1764027882595,1,data/drawings/category/c7_1_pool.jpg,category,pool,NA,NA,data/stim/pool_low.jpg,NA,low,6626
8c4d_1764027882595,2,data/drawings/category/c3_7_livingroom.jpg,category,livingroom,NA,NA,data/stim/living_room_high.jpg,NA,high,8837
8c4d_1764027882595,3,data/drawings/delayed_recall/27_10_low_street.jpg,delayed_recall,street,low,data/stim/street_low.jpg,data/stim/street_low.jpg,TRUE,NA,2773
8c4d_1764027882595,4,data/drawings/category/c10_18_playground.jpg,category,playground,NA,NA,data/stim/playground_low.jpg,NA,low,6009
8c4d_1764027882595,5,data/drawings/category/c14_13_tower.jpg,category,tower,NA,NA,data/stim/tower_low.jpg,NA,low,7974
8c4d_1764027882595,6,data/drawings/delayed_recall/12_7_high_house.jpg,delayed_recall,house,high,data/stim/house_high.jpg,data/stim/house_foil.jpg,FALSE,NA,9529
8c4d_1764027882595,7,data/drawings/category/c10_22_mountain.jpg,category,mountain,NA,NA,data/stim/mountain_low.jpg,NA,low,3669
8c4d_1764027882595,8,data/drawings/delayed_recall/4_19_high_diningroom.jpg,delayed_recall,diningroom,high,data/stim/dining_room_high.jpg,data/stim/dining_room_high.jpg,TRUE,NA,5884
8c4d_1764027882595,9,data/drawings/delayed_recall/27_3_low_bedroom.jpg,delayed_recall,bedroom,low,data/stim/bedroom_low.jpg,data/stim/bedroom_low.jpg,TRUE,NA,2794
8c4d_1764027882595,10,data/drawings/category/c2_20_fountain.jpg,category,fountain,NA,NA,data/stim/fountain_foil.jpg,NA,foil,4206
8c4d_1764027882595,11,data/drawings/category/c8_27_street.jpg,category,street,NA,NA,data/stim/street_high.jpg,NA,high,9456
8c4d_1764027882595,12,data/drawings/delayed_recall/24_9_low_amusementpark.jpg,delayed_recall,amusementpark,low,data/stim/amusement_park_low.jpg,data/stim/amusement_park_low.jpg,TRUE,NA,3627
8c4d_1764027882595,13,data/drawings/category/c4_24_fountain.jpg,category,fountain,NA,NA,data/stim/fountain_low.jpg,NA,low,8507
8c4d_1764027882595,14,data/drawings/delayed_recall/11_9_high_kitchen.jpg,delayed_recall,kitchen,high,data/stim/kitchen_high.jpg,data/stim/kitchen_high.jpg,TRUE,NA,4831
8c4d_1764027882595,15,data/drawings/category/c7_3_bedroom.jpg,category,bedroom,NA,NA,data/stim/bedroom_low.jpg,NA,low,9909
8c4d_1764027882595,16,data/drawings/category/c1_27_badlands.jpg,category,badlands,NA,NA,data/stim/badlands_low.jpg,NA,low,7913
8c4d_1764027882595,17,data/drawings/category/c1_14_farm.jpg,category,farm,NA,NA,data/stim/farm_foil.jpg,NA,foil,8126
8c4d_1764027882595,18,data/drawings/delayed_recall/7_13_high_playground.jpg,delayed_recall,playground,high,data/stim/playground_high.jpg,data/stim/playground_high.jpg,TRUE,NA,2139
8c4d_1764027882595,19,data/drawings/delayed_recall/7_5_low_pool.jpg,delayed_recall,pool,low,data/stim/pool_low.jpg,data/stim/pool_low.jpg,TRUE,NA,2960
8c4d_1764027882595,20,data/drawings/delayed_recall/22_18_high_tower.jpg,delayed_recall,tower,high,data/stim/tower_high.jpg,data/stim/tower_high.jpg,TRUE,NA,2616
8c4d_1764027882595,21,data/drawings/delayed_recall/34_10_high_livingroom.jpg,delayed_recall,livingroom,high,data/stim/living_room_high.jpg,data/stim/living_room_high.jpg,TRUE,NA,2877
8c4d_1764027882595,22,data/drawings/delayed_recall/26_14_high_mountain.jpg,delayed_recall,mountain,high,data/stim/mountain_high.jpg,data/stim/mountain_high.jpg,TRUE,NA,3072
8c4d_1764027882595,23,data/drawings/delayed_recall/4_22_high_fountain.jpg,delayed_recall,fountain,high,data/stim/fountain_high.jpg,data/stim/fountain_high.jpg,TRUE,NA,3729
8c4d_1764027882595,24,data/drawings/category/c10_26_street.jpg,category,street,NA,NA,data/stim/street_low.jpg,NA,low,3351
8c4d_1764027882595,25,data/drawings/delayed_recall/4_5_low_playground.jpg,delayed_recall,playground,low,data/stim/playground_low.jpg,data/stim/playground_low.jpg,TRUE,NA,4790
8c4d_1764027882595,26,data/drawings/delayed_recall/26_2_low_garden.jpg,delayed_recall,garden,low,data/stim/garden_low.jpg,data/stim/garden_low.jpg,TRUE,NA,11271
8c4d_1764027882595,27,data/drawings/delayed_recall/15_12_high_badlands.jpg,delayed_recall,badlands,high,data/stim/badlands_high.jpg,data/stim/badlands_high.jpg,TRUE,NA,3718
8c4d_1764027882595,28,data/drawings/category/c9_19_diningroom.jpg,category,diningroom,NA,NA,data/stim/dining_room_low.jpg,NA,low,7407
8c4d_1764027882595,29,data/drawings/category/c11_15_badlands.jpg,category,badlands,NA,NA,data/stim/badlands_high.jpg,NA,high,3533
8c4d_1764027882595,30,data/drawings/category/c1_7_bedroom.jpg,category,bedroom,NA,NA,data/stim/bedroom_high.jpg,NA,high,7080
8c4d_1764027882595,31,data/drawings/delayed_recall/7_17_low_house.jpg,delayed_recall,house,low,data/stim/house_low.jpg,data/stim/house_foil.jpg,FALSE,NA,3189
8c4d_1764027882595,32,data/drawings/category/c2_24_playground.jpg,category,playground,NA,NA,data/stim/playground_foil.jpg,NA,foil,9073
8c4d_1764027882595,33,data/drawings/delayed_recall/18_5_high_bedroom.jpg,delayed_recall,bedroom,high,data/stim/bedroom_high.jpg,data/stim/bedroom_high.jpg,TRUE,NA,6626
8c4d_1764027882595,34,data/drawings/delayed_recall/17_8_low_fountain.jpg,delayed_recall,fountain,low,data/stim/fountain_low.jpg,data/stim/fountain_high.jpg,FALSE,NA,10020
8c4d_1764027882595,35,data/drawings/delayed_recall/22_13_high_pool.jpg,delayed_recall,pool,high,data/stim/pool_high.jpg,data/stim/pool_foil.jpg,FALSE,NA,9313
8c4d_1764027882595,36,data/drawings/delayed_recall/25_3_low_farm.jpg,delayed_recall,farm,low,data/stim/farm_low.jpg,data/stim/farm_foil.jpg,FALSE,NA,6627
8c4d_1764027882595,37,data/drawings/category/c4_1_garden.jpg,category,garden,NA,NA,data/stim/garden_low.jpg,NA,low,6121
8c4d_1764027882595,38,data/drawings/category/c10_15_house.jpg,category,house,NA,NA,data/stim/house_foil.jpg,NA,foil,3472
8c4d_1764027882595,39,data/drawings/delayed_recall/6_11_low_diningroom.jpg,delayed_recall,diningroom,low,data/stim/dining_room_low.jpg,data/stim/dining_room_low.jpg,TRUE,NA,9080
8c4d_1764027882595,40,data/drawings/category/c12_4_mountain.jpg,category,mountain,NA,NA,data/stim/mountain_foil.jpg,NA,foil,9358
8c4d_1764027882595,41,data/drawings/delayed_recall/21_6_low_kitchen.jpg,delayed_recall,kitchen,low,data/stim/kitchen_low.jpg,data/stim/kitchen_low.jpg,TRUE,NA,8248
8c4d_1764027882595,42,data/drawings/delayed_recall/7_9_low_badlands.jpg,delayed_recall,badlands,low,data/stim/badlands_low.jpg,data/stim/badlands_low.jpg,TRUE,NA,12227
8c4d_1764027882595,43,data/drawings/category/c8_28_amusementpark.jpg,category,amusementpark,NA,NA,data/stim/amusement_park_low.jpg,NA,low,9989
8c4d_1764027882595,44,data/drawings/category/c12_1_kitchen.jpg,category,kitchen,NA,NA,data/stim/kitchen_high.jpg,NA,high,12056
8c4d_1764027882595,45,data/drawings/delayed_recall/25_13_high_amusementpark.jpg,delayed_recall,amusementpark,high,data/stim/amusement_park_high.jpg,data/stim/amusement_park_high.jpg,TRUE,NA,3034
8c4d_1764027882595,46,data/drawings/category/c4_2_kitchen.jpg,category,kitchen,NA,NA,data/stim/kitchen_low.jpg,NA,low,7415
8c4d_1764027882595,47,data/drawings/category/c12_28_garden.jpg,category,garden,NA,NA,data/stim/garden_foil.jpg,NA,foil,4456
8c4d_1764027882595,48,data/drawings/delayed_recall/28_8_low_tower.jpg,delayed_recall,tower,low,data/stim/tower_low.jpg,data/stim/tower_low.jpg,TRUE,NA,10388
8c4d_1764027882595,49,data/drawings/delayed_recall/15_2_low_bathroom.jpg,delayed_recall,bathroom,low,data/stim/bathroom_low.jpg,data/stim/bathroom_low.jpg,TRUE,NA,6041
8c4d_1764027882595,50,data/drawings/category/c12_29_house.jpg,category,house,NA,NA,data/stim/house_foil.jpg,NA,foil,6995
8c4d_1764027882595,51,data/drawings/category/c13_4_bathroom.jpg,category,bathroom,NA,NA,data/stim/bathroom_high.jpg,NA,high,8889
8c4d_1764027882595,52,data/drawings/category/c12_19_pool.jpg,category,pool,NA,NA,data/stim/pool_foil.jpg,NA,foil,3879
8c4d_1764027882595,53,data/drawings/category/c7_10_bathroom.jpg,category,bathroom,NA,NA,data/stim/bathroom_high.jpg,NA,high,9058
8c4d_1764027882595,54,data/drawings/category/c4_7_farm.jpg,category,farm,NA,NA,data/stim/farm_low.jpg,NA,low,7130
8c4d_1764027882595,55,data/drawings/category/c12_27_amusementpark.jpg,category,amusementpark,NA,NA,data/stim/amusement_park_foil.jpg,NA,foil,8326
8c4d_1764027882595,56,data/drawings/category/c12_2_tower.jpg,category,tower,NA,NA,data/stim/tower_foil.jpg,NA,foil,3588
8c4d_1764027882595,57,data/drawings/delayed_recall/23_11_low_lighthouse.jpg,delayed_recall,lighthouse,low,data/stim/lighthouse_low.jpg,data/stim/lighthouse_foil.jpg,FALSE,NA,12780
8c4d_1764027882595,58,data/drawings/category/c4_10_lighthouse.jpg,category,lighthouse,NA,NA,data/stim/lighthouse_high.jpg,NA,high,10629
8c4d_1764027882595,59,data/drawings/delayed_recall/11_10_low_livingroom.jpg,delayed_recall,livingroom,low,data/stim/living_room_low.jpg,data/stim/living_room_low.jpg,TRUE,NA,10661
bfd8_1764028266404,0,data/drawings/delayed_recall/21_6_low_kitchen.jpg,delayed_recall,kitchen,low,data/stim/kitchen_low.jpg,data/stim/kitchen_foil.jpg,FALSE,NA,11873
bfd8_1764028266404,1,data/drawings/delayed_recall/18_5_high_bedroom.jpg,delayed_recall,bedroom,high,data/stim/bedroom_high.jpg,data/stim/bedroom_high.jpg,TRUE,NA,13424
bfd8_1764028266404,2,data/drawings/category/c7_10_bathroom.jpg,category,bathroom,NA,NA,data/stim/bathroom_foil.jpg,NA,foil,31764
bfd8_1764028266404,3,data/drawings/category/c4_10_lighthouse.jpg,category,lighthouse,NA,NA,data/stim/lighthouse_foil.jpg,NA,foil,4117
bfd8_1764028266404,4,data/drawings/category/c4_7_farm.jpg,category,farm,NA,NA,data/stim/farm_low.jpg,NA,low,9086
bfd8_1764028266404,5,data/drawings/delayed_recall/11_10_low_livingroom.jpg,delayed_recall,livingroom,low,data/stim/living_room_low.jpg,data/stim/living_room_low.jpg,TRUE,NA,14312
bfd8_1764028266404,6,data/drawings/category/c12_19_pool.jpg,category,pool,NA,NA,data/stim/pool_low.jpg,NA,low,21372
bfd8_1764028266404,7,data/drawings/category/c12_28_garden.jpg,category,garden,NA,NA,data/stim/garden_foil.jpg,NA,foil,11050
bfd8_1764028266404,8,data/drawings/delayed_recall/15_2_low_bathroom.jpg,delayed_recall,bathroom,low,data/stim/bathroom_low.jpg,data/stim/bathroom_low.jpg,TRUE,NA,8061
bfd8_1764028266404,9,data/drawings/category/c8_28_amusementpark.jpg,category,amusementpark,NA,NA,data/stim/amusement_park_low.jpg,NA,low,20644
bfd8_1764028266404,10,data/drawings/category/c14_13_tower.jpg,category,tower,NA,NA,data/stim/tower_low.jpg,NA,low,5867
bfd8_1764028266404,11,data/drawings/category/c12_1_kitchen.jpg,category,kitchen,NA,NA,data/stim/kitchen_low.jpg,NA,low,25433
bfd8_1764028266404,12,data/drawings/delayed_recall/25_3_low_farm.jpg,delayed_recall,farm,low,data/stim/farm_low.jpg,data/stim/farm_high.jpg,FALSE,NA,6587
bfd8_1764028266404,13,data/drawings/delayed_recall/7_5_low_pool.jpg,delayed_recall,pool,low,data/stim/pool_low.jpg,data/stim/pool_low.jpg,TRUE,NA,3445
bfd8_1764028266404,14,data/drawings/category/c12_27_amusementpark.jpg,category,amusementpark,NA,NA,data/stim/amusement_park_high.jpg,NA,high,15499
bfd8_1764028266404,15,data/drawings/delayed_recall/7_13_high_playground.jpg,delayed_recall,playground,high,data/stim/playground_high.jpg,data/stim/playground_high.jpg,TRUE,NA,2938
bfd8_1764028266404,16,data/drawings/delayed_recall/11_9_high_kitchen.jpg,delayed_recall,kitchen,high,data/stim/kitchen_high.jpg,data/stim/kitchen_high.jpg,TRUE,NA,20119
bfd8_1764028266404,17,data/drawings/delayed_recall/31_5_high_farm.jpg,delayed_recall,farm,high,data/stim/farm_high.jpg,data/stim/farm_high.jpg,TRUE,NA,2645
bfd8_1764028266404,18,data/drawings/delayed_recall/27_3_low_bedroom.jpg,delayed_recall,bedroom,low,data/stim/bedroom_low.jpg,data/stim/bedroom_low.jpg,TRUE,NA,7077
bfd8_1764028266404,19,data/drawings/category/c10_26_street.jpg,category,street,NA,NA,data/stim/street_high.jpg,NA,high,4441
bfd8_1764028266404,20,data/drawings/delayed_recall/34_10_high_livingroom.jpg,delayed_recall,livingroom,high,data/stim/living_room_high.jpg,data/stim/living_room_high.jpg,TRUE,NA,2935
bfd8_1764028266404,21,data/drawings/delayed_recall/22_1_high_lighthouse.jpg,delayed_recall,lighthouse,high,data/stim/lighthouse_high.jpg,data/stim/lighthouse_high.jpg,TRUE,NA,5078
bfd8_1764028266404,22,data/drawings/category/c4_24_fountain.jpg,category,fountain,NA,NA,data/stim/fountain_foil.jpg,NA,foil,3468
bfd8_1764028266404,23,data/drawings/delayed_recall/17_8_low_fountain.jpg,delayed_recall,fountain,low,data/stim/fountain_low.jpg,data/stim/fountain_low.jpg,TRUE,NA,6724
bfd8_1764028266404,24,data/drawings/category/c4_1_garden.jpg,category,garden,NA,NA,data/stim/garden_high.jpg,NA,high,7348
bfd8_1764028266404,25,data/drawings/delayed_recall/31_3_high_garden.jpg,delayed_recall,garden,high,data/stim/garden_high.jpg,data/stim/garden_high.jpg,TRUE,NA,9239
bfd8_1764028266404,26,data/drawings/category/c2_24_playground.jpg,category,playground,NA,NA,data/stim/playground_high.jpg,NA,high,10756
bfd8_1764028266404,27,data/drawings/category/c9_19_diningroom.jpg,category,diningroom,NA,NA,data/stim/dining_room_low.jpg,NA,low,13759
bfd8_1764028266404,28,data/drawings/delayed_recall/24_9_low_amusementpark.jpg,delayed_recall,amusementpark,low,data/stim/amusement_park_low.jpg,data/stim/amusement_park_low.jpg,TRUE,NA,3158
bfd8_1764028266404,29,data/drawings/delayed_recall/4_19_high_diningroom.jpg,delayed_recall,diningroom,high,data/stim/dining_room_high.jpg,data/stim/dining_room_high.jpg,TRUE,NA,9181
bfd8_1764028266404,30,data/drawings/delayed_recall/7_19_high_bathroom.jpg,delayed_recall,bathroom,high,data/stim/bathroom_high.jpg,data/stim/bathroom_high.jpg,TRUE,NA,6844
bfd8_1764028266404,31,data/drawings/category/c12_2_tower.jpg,category,tower,NA,NA,data/stim/tower_foil.jpg,NA,foil,3066
bfd8_1764028266404,32,data/drawings/delayed_recall/20_10_high_street.jpg,delayed_recall,street,high,data/stim/street_high.jpg,data/stim/street_high.jpg,TRUE,NA,5063
bfd8_1764028266404,33,data/drawings/delayed_recall/7_17_low_house.jpg,delayed_recall,house,low,data/stim/house_low.jpg,data/stim/house_low.jpg,TRUE,NA,2248
bfd8_1764028266404,34,data/drawings/category/c11_15_badlands.jpg,category,badlands,NA,NA,data/stim/badlands_high.jpg,NA,high,11884
bfd8_1764028266404,35,data/drawings/category/c12_29_house.jpg,category,house,NA,NA,data/stim/house_foil.jpg,NA,foil,11697
bfd8_1764028266404,36,data/drawings/category/c12_4_mountain.jpg,category,mountain,NA,NA,data/stim/mountain_high.jpg,NA,high,10978
bfd8_1764028266404,37,data/drawings/delayed_recall/28_8_low_tower.jpg,delayed_recall,tower,low,data/stim/tower_low.jpg,data/stim/tower_low.jpg,TRUE,NA,4556
bfd8_1764028266404,38,data/drawings/delayed_recall/12_7_high_house.jpg,delayed_recall,house,high,data/stim/house_high.jpg,data/stim/house_low.jpg,FALSE,NA,6334
bfd8_1764028266404,39,data/drawings/category/c10_22_mountain.jpg,category,mountain,NA,NA,data/stim/mountain_low.jpg,NA,low,3375
bfd8_1764028266404,40,data/drawings/category/c1_14_farm.jpg,category,farm,NA,NA,data/stim/farm_foil.jpg,NA,foil,11815
bfd8_1764028266404,41,data/drawings/delayed_recall/23_11_low_lighthouse.jpg,delayed_recall,lighthouse,low,data/stim/lighthouse_low.jpg,data/stim/lighthouse_low.jpg,TRUE,NA,12705
bfd8_1764028266404,42,data/drawings/delayed_recall/26_14_high_mountain.jpg,delayed_recall,mountain,high,data/stim/mountain_high.jpg,data/stim/mountain_high.jpg,TRUE,NA,2152
bfd8_1764028266404,43,data/drawings/category/c7_1_pool.jpg,category,pool,NA,NA,data/stim/pool_low.jpg,NA,low,6349
bfd8_1764028266404,44,data/drawings/category/c7_3_bedroom.jpg,category,bedroom,NA,NA,data/stim/bedroom_low.jpg,NA,low,10649
bfd8_1764028266404,45,data/drawings/delayed_recall/15_12_high_badlands.jpg,delayed_recall,badlands,high,data/stim/badlands_high.jpg,data/stim/badlands_high.jpg,TRUE,NA,10954
bfd8_1764028266404,46,data/drawings/delayed_recall/26_2_low_garden.jpg,delayed_recall,garden,low,data/stim/garden_low.jpg,data/stim/garden_low.jpg,TRUE,NA,7558
bfd8_1764028266404,47,data/drawings/category/c1_2_diningroom.jpg,category,diningroom,NA,NA,data/stim/dining_room_foil.jpg,NA,foil,11737
bfd8_1764028266404,48,data/drawings/category/c8_27_street.jpg,category,street,NA,NA,data/stim/street_high.jpg,NA,high,1597
bfd8_1764028266404,49,data/drawings/delayed_recall/14_7_low_mountain.jpg,delayed_recall,mountain,low,data/stim/mountain_low.jpg,data/stim/mountain_low.jpg,TRUE,NA,6989
bfd8_1764028266404,50,data/drawings/category/c2_9_livingroom.jpg,category,livingroom,NA,NA,data/stim/living_room_foil.jpg,NA,foil,6942
bfd8_1764028266404,51,data/drawings/category/c3_7_livingroom.jpg,category,livingroom,NA,NA,data/stim/living_room_foil.jpg,NA,foil,5331
bfd8_1764028266404,52,data/drawings/category/c9_11_lighthouse.jpg,category,lighthouse,NA,NA,data/stim/lighthouse_foil.jpg,NA,foil,3316
bfd8_1764028266404,53,data/drawings/delayed_recall/22_13_high_pool.jpg,delayed_recall,pool,high,data/stim/pool_high.jpg,data/stim/pool_high.jpg,TRUE,NA,4142
bfd8_1764028266404,54,data/drawings/category/c1_27_badlands.jpg,category,badlands,NA,NA,data/stim/badlands_low.jpg,NA,low,5506
bfd8_1764028266404,55,data/drawings/delayed_recall/25_13_high_amusementpark.jpg,delayed_recall,amusementpark,high,data/stim/amusement_park_high.jpg,data/stim/amusement_park_high.jpg,TRUE,NA,7431
bfd8_1764028266404,56,data/drawings/delayed_recall/6_11_low_diningroom.jpg,delayed_recall,diningroom,low,data/stim/dining_room_low.jpg,data/stim/dining_room_low.jpg,TRUE,NA,9091
bfd8_1764028266404,57,data/drawings/category/c13_4_bathroom.jpg,category,bathroom,NA,NA,data/stim/bathroom_foil.jpg,NA,foil,19759
bfd8_1764028266404,58,data/drawings/category/c4_2_kitchen.jpg,category,kitchen,NA,NA,data/stim/kitchen_low.jpg,NA,low,5670
bfd8_1764028266404,59,data/drawings/category/c10_15_house.jpg,category,house,NA,NA,data/stim/house_foil.jpg,NA,foil,7674
d971_1764029145651,0,data/drawings/delayed_recall/11_10_low_livingroom.jpg,delayed_recall,livingroom,low,data/stim/living_room_low.jpg,data/stim/living_room_low.jpg,TRUE,NA,10879
d971_1764029145651,1,data/drawings/category/c12_28_garden.jpg,category,garden,NA,NA,data/stim/garden_foil.jpg,NA,foil,15134
d971_1764029145651,2,data/drawings/category/c4_7_farm.jpg,category,farm,NA,NA,data/stim/farm_low.jpg,NA,low,14910
d971_1764029145651,3,data/drawings/category/c4_2_kitchen.jpg,category,kitchen,NA,NA,data/stim/kitchen_low.jpg,NA,low,17420
d971_1764029145651,4,data/drawings/category/c4_1_garden.jpg,category,garden,NA,NA,data/stim/garden_low.jpg,NA,low,7418
d971_1764029145651,5,data/drawings/category/c9_19_diningroom.jpg,category,diningroom,NA,NA,data/stim/dining_room_low.jpg,NA,low,13790
d971_1764029145651,6,data/drawings/category/c4_24_fountain.jpg,category,fountain,NA,NA,data/stim/fountain_foil.jpg,NA,foil,5935
d971_1764029145651,7,data/drawings/category/c2_20_fountain.jpg,category,fountain,NA,NA,data/stim/fountain_foil.jpg,NA,foil,8437
d971_1764029145651,8,data/drawings/delayed_recall/26_2_low_garden.jpg,delayed_recall,garden,low,data/stim/garden_low.jpg,data/stim/garden_low.jpg,TRUE,NA,25437
d971_1764029145651,9,data/drawings/delayed_recall/27_10_low_street.jpg,delayed_recall,street,low,data/stim/street_low.jpg,data/stim/street_low.jpg,TRUE,NA,4958
d971_1764029145651,10,data/drawings/category/c4_10_lighthouse.jpg,category,lighthouse,NA,NA,data/stim/lighthouse_foil.jpg,NA,foil,4355
d971_1764029145651,11,data/drawings/delayed_recall/25_13_high_amusementpark.jpg,delayed_recall,amusementpark,high,data/stim/amusement_park_high.jpg,data/stim/amusement_park_high.jpg,TRUE,NA,7618
d971_1764029145651,12,data/drawings/delayed_recall/34_10_high_livingroom.jpg,delayed_recall,livingroom,high,data/stim/living_room_high.jpg,data/stim/living_room_high.jpg,TRUE,NA,4285
d971_1764029145651,13,data/drawings/category/c9_11_lighthouse.jpg,category,lighthouse,NA,NA,data/stim/lighthouse_high.jpg,NA,high,12000
d971_1764029145651,14,data/drawings/delayed_recall/25_3_low_farm.jpg,delayed_recall,farm,low,data/stim/farm_low.jpg,data/stim/farm_high.jpg,FALSE,NA,7337
d971_1764029145651,15,data/drawings/delayed_recall/31_3_high_garden.jpg,delayed_recall,garden,high,data/stim/garden_high.jpg,data/stim/garden_high.jpg,TRUE,NA,5445
d971_1764029145651,16,data/drawings/delayed_recall/31_5_high_farm.jpg,delayed_recall,farm,high,data/stim/farm_high.jpg,data/stim/farm_high.jpg,TRUE,NA,13778
d971_1764029145651,17,data/drawings/delayed_recall/23_11_low_lighthouse.jpg,delayed_recall,lighthouse,low,data/stim/lighthouse_low.jpg,data/stim/lighthouse_low.jpg,TRUE,NA,3743
d971_1764029145651,18,data/drawings/delayed_recall/15_12_high_badlands.jpg,delayed_recall,badlands,high,data/stim/badlands_high.jpg,data/stim/badlands_high.jpg,TRUE,NA,10295
d971_1764029145651,19,data/drawings/category/c2_9_livingroom.jpg,category,livingroom,NA,NA,data/stim/living_room_foil.jpg,NA,foil,5923
d971_1764029145651,20,data/drawings/delayed_recall/27_3_low_bedroom.jpg,delayed_recall,bedroom,low,data/stim/bedroom_low.jpg,data/stim/bedroom_low.jpg,TRUE,NA,4887
d971_1764029145651,21,data/drawings/category/c13_4_bathroom.jpg,category,bathroom,NA,NA,data/stim/bathroom_foil.jpg,NA,foil,26085
d971_1764029145651,22,data/drawings/delayed_recall/4_5_low_playground.jpg,delayed_recall,playground,low,data/stim/playground_low.jpg,data/stim/playground_low.jpg,TRUE,NA,9708
d971_1764029145651,23,data/drawings/category/c7_10_bathroom.jpg,category,bathroom,NA,NA,data/stim/bathroom_low.jpg,NA,low,13469
d971_1764029145651,24,data/drawings/delayed_recall/22_1_high_lighthouse.jpg,delayed_recall,lighthouse,high,data/stim/lighthouse_high.jpg,data/stim/lighthouse_high.jpg,TRUE,NA,9182
d971_1764029145651,25,data/drawings/category/c1_14_farm.jpg,category,farm,NA,NA,data/stim/farm_foil.jpg,NA,foil,9478
d971_1764029145651,26,data/drawings/category/c1_7_bedroom.jpg,category,bedroom,NA,NA,data/stim/bedroom_high.jpg,NA,high,5973
d971_1764029145651,27,data/drawings/category/c7_3_bedroom.jpg,category,bedroom,NA,NA,data/stim/bedroom_low.jpg,NA,low,15120
d971_1764029145651,28,data/drawings/delayed_recall/24_9_low_amusementpark.jpg,delayed_recall,amusementpark,low,data/stim/amusement_park_low.jpg,data/stim/amusement_park_low.jpg,TRUE,NA,4388
d971_1764029145651,29,data/drawings/category/c11_15_badlands.jpg,category,badlands,NA,NA,data/stim/badlands_foil.jpg,NA,foil,6493
d971_1764029145651,30,data/drawings/category/c10_15_house.jpg,category,house,NA,NA,data/stim/house_foil.jpg,NA,foil,22852
d971_1764029145651,31,data/drawings/category/c8_28_amusementpark.jpg,category,amusementpark,NA,NA,data/stim/amusement_park_low.jpg,NA,low,11530
d971_1764029145651,32,data/drawings/category/c12_19_pool.jpg,category,pool,NA,NA,data/stim/pool_low.jpg,NA,low,9909
d971_1764029145651,33,data/drawings/category/c10_26_street.jpg,category,street,NA,NA,data/stim/street_high.jpg,NA,high,14988
d971_1764029145651,34,data/drawings/delayed_recall/26_14_high_mountain.jpg,delayed_recall,mountain,high,data/stim/mountain_high.jpg,data/stim/mountain_high.jpg,TRUE,NA,3313
d971_1764029145651,35,data/drawings/category/c8_27_street.jpg,category,street,NA,NA,data/stim/street_high.jpg,NA,high,6098
d971_1764029145651,36,data/drawings/delayed_recall/11_9_high_kitchen.jpg,delayed_recall,kitchen,high,data/stim/kitchen_high.jpg,data/stim/kitchen_high.jpg,TRUE,NA,4596
d971_1764029145651,37,data/drawings/delayed_recall/21_6_low_kitchen.jpg,delayed_recall,kitchen,low,data/stim/kitchen_low.jpg,data/stim/kitchen_low.jpg,TRUE,NA,11801
d971_1764029145651,38,data/drawings/delayed_recall/22_13_high_pool.jpg,delayed_recall,pool,high,data/stim/pool_high.jpg,data/stim/pool_foil.jpg,FALSE,NA,6565
d971_1764029145651,39,data/drawings/category/c12_4_mountain.jpg,category,mountain,NA,NA,data/stim/mountain_foil.jpg,NA,foil,5044
d971_1764029145651,40,data/drawings/delayed_recall/7_9_low_badlands.jpg,delayed_recall,badlands,low,data/stim/badlands_low.jpg,data/stim/badlands_foil.jpg,FALSE,NA,6624
d971_1764029145651,41,data/drawings/delayed_recall/22_18_high_tower.jpg,delayed_recall,tower,high,data/stim/tower_high.jpg,data/stim/tower_high.jpg,TRUE,NA,3048
d971_1764029145651,42,data/drawings/delayed_recall/4_19_high_diningroom.jpg,delayed_recall,diningroom,high,data/stim/dining_room_high.jpg,data/stim/dining_room_high.jpg,TRUE,NA,15196
d971_1764029145651,43,data/drawings/category/c3_7_livingroom.jpg,category,livingroom,NA,NA,data/stim/living_room_foil.jpg,NA,foil,10670
d971_1764029145651,44,data/drawings/delayed_recall/28_8_low_tower.jpg,delayed_recall,tower,low,data/stim/tower_low.jpg,data/stim/tower_low.jpg,TRUE,NA,6088
d971_1764029145651,45,data/drawings/category/c12_1_kitchen.jpg,category,kitchen,NA,NA,data/stim/kitchen_foil.jpg,NA,foil,12180
d971_1764029145651,46,data/drawings/category/c7_1_pool.jpg,category,pool,NA,NA,data/stim/pool_high.jpg,NA,high,10449
d971_1764029145651,47,data/drawings/delayed_recall/4_22_high_fountain.jpg,delayed_recall,fountain,high,data/stim/fountain_high.jpg,data/stim/fountain_high.jpg,TRUE,NA,6099
d971_1764029145651,48,data/drawings/category/c12_27_amusementpark.jpg,category,amusementpark,NA,NA,data/stim/amusement_park_high.jpg,NA,high,9383
d971_1764029145651,49,data/drawings/delayed_recall/12_7_high_house.jpg,delayed_recall,house,high,data/stim/house_high.jpg,data/stim/house_foil.jpg,FALSE,NA,7782
d971_1764029145651,50,data/drawings/delayed_recall/7_17_low_house.jpg,delayed_recall,house,low,data/stim/house_low.jpg,data/stim/house_low.jpg,TRUE,NA,3339
d971_1764029145651,51,data/drawings/category/c1_2_diningroom.jpg,category,diningroom,NA,NA,data/stim/dining_room_low.jpg,NA,low,5830
d971_1764029145651,52,data/drawings/category/c2_24_playground.jpg,category,playground,NA,NA,data/stim/playground_high.jpg,NA,high,6055
d971_1764029145651,53,data/drawings/delayed_recall/18_5_high_bedroom.jpg,delayed_recall,bedroom,high,data/stim/bedroom_high.jpg,data/stim/bedroom_high.jpg,TRUE,NA,3073
d971_1764029145651,54,data/drawings/category/c1_27_badlands.jpg,category,badlands,NA,NA,data/stim/badlands_low.jpg,NA,low,10297
d971_1764029145651,55,data/drawings/delayed_recall/7_19_high_bathroom.jpg,delayed_recall,bathroom,high,data/stim/bathroom_high.jpg,data/stim/bathroom_high.jpg,TRUE,NA,4287
d971_1764029145651,56,data/drawings/category/c14_13_tower.jpg,category,tower,NA,NA,data/stim/tower_low.jpg,NA,low,4951
d971_1764029145651,57,data/drawings/category/c10_22_mountain.jpg,category,mountain,NA,NA,data/stim/mountain_low.jpg,NA,low,4728
d971_1764029145651,58,data/drawings/category/c12_2_tower.jpg,category,tower,NA,NA,data/stim/tower_foil.jpg,NA,foil,8155
d971_1764029145651,59,data/drawings/delayed_recall/7_5_low_pool.jpg,delayed_recall,pool,low,data/stim/pool_low.jpg,data/stim/pool_low.jpg,TRUE,NA,5748
f28d_1764030237528,0,data/drawings/category/c7_3_bedroom.jpg,category,bedroom,NA,NA,data/stim/bedroom_low.jpg,NA,low,15477
f28d_1764030237528,1,data/drawings/delayed_recall/6_11_low_diningroom.jpg,delayed_recall,diningroom,low,data/stim/dining_room_low.jpg,data/stim/dining_room_low.jpg,TRUE,NA,8697
f28d_1764030237528,2,data/drawings/category/c10_22_mountain.jpg,category,mountain,NA,NA,data/stim/mountain_low.jpg,NA,low,9382
f28d_1764030237528,3,data/drawings/category/c12_28_garden.jpg,category,garden,NA,NA,data/stim/garden_foil.jpg,NA,foil,8416
f28d_1764030237528,4,data/drawings/delayed_recall/15_2_low_bathroom.jpg,delayed_recall,bathroom,low,data/stim/bathroom_low.jpg,data/stim/bathroom_low.jpg,TRUE,NA,11497
f28d_1764030237528,5,data/drawings/delayed_recall/18_5_high_bedroom.jpg,delayed_recall,bedroom,high,data/stim/bedroom_high.jpg,data/stim/bedroom_high.jpg,TRUE,NA,5999
f28d_1764030237528,6,data/drawings/delayed_recall/26_2_low_garden.jpg,delayed_recall,garden,low,data/stim/garden_low.jpg,data/stim/garden_low.jpg,TRUE,NA,10634
f28d_1764030237528,7,data/drawings/delayed_recall/4_19_high_diningroom.jpg,delayed_recall,diningroom,high,data/stim/dining_room_high.jpg,data/stim/dining_room_low.jpg,FALSE,NA,9115
f28d_1764030237528,8,data/drawings/delayed_recall/24_9_low_amusementpark.jpg,delayed_recall,amusementpark,low,data/stim/amusement_park_low.jpg,data/stim/amusement_park_low.jpg,TRUE,NA,3432
f28d_1764030237528,9,data/drawings/category/c8_27_street.jpg,category,street,NA,NA,data/stim/street_high.jpg,NA,high,5464
f28d_1764030237528,10,data/drawings/category/c4_2_kitchen.jpg,category,kitchen,NA,NA,data/stim/kitchen_low.jpg,NA,low,9748
f28d_1764030237528,11,data/drawings/category/c7_1_pool.jpg,category,pool,NA,NA,data/stim/pool_high.jpg,NA,high,9698
f28d_1764030237528,12,data/drawings/delayed_recall/34_10_high_livingroom.jpg,delayed_recall,livingroom,high,data/stim/living_room_high.jpg,data/stim/living_room_high.jpg,TRUE,NA,7215
f28d_1764030237528,13,data/drawings/delayed_recall/22_1_high_lighthouse.jpg,delayed_recall,lighthouse,high,data/stim/lighthouse_high.jpg,data/stim/lighthouse_high.jpg,TRUE,NA,5416
f28d_1764030237528,14,data/drawings/delayed_recall/26_14_high_mountain.jpg,delayed_recall,mountain,high,data/stim/mountain_high.jpg,data/stim/mountain_high.jpg,TRUE,NA,2815
f28d_1764030237528,15,data/drawings/category/c2_9_livingroom.jpg,category,livingroom,NA,NA,data/stim/living_room_high.jpg,NA,high,7615
f28d_1764030237528,16,data/drawings/delayed_recall/31_5_high_farm.jpg,delayed_recall,farm,high,data/stim/farm_high.jpg,data/stim/farm_high.jpg,TRUE,NA,3582
f28d_1764030237528,17,data/drawings/category/c2_20_fountain.jpg,category,fountain,NA,NA,data/stim/fountain_foil.jpg,NA,foil,3365
f28d_1764030237528,18,data/drawings/category/c11_15_badlands.jpg,category,badlands,NA,NA,data/stim/badlands_high.jpg,NA,high,4832
f28d_1764030237528,19,data/drawings/delayed_recall/28_8_low_tower.jpg,delayed_recall,tower,low,data/stim/tower_low.jpg,data/stim/tower_low.jpg,TRUE,NA,5048
f28d_1764030237528,20,data/drawings/category/c4_1_garden.jpg,category,garden,NA,NA,data/stim/garden_high.jpg,NA,high,5899
f28d_1764030237528,21,data/drawings/delayed_recall/21_6_low_kitchen.jpg,delayed_recall,kitchen,low,data/stim/kitchen_low.jpg,data/stim/kitchen_low.jpg,TRUE,NA,3531
f28d_1764030237528,22,data/drawings/category/c12_4_mountain.jpg,category,mountain,NA,NA,data/stim/mountain_foil.jpg,NA,foil,3733
f28d_1764030237528,23,data/drawings/delayed_recall/7_9_low_badlands.jpg,delayed_recall,badlands,low,data/stim/badlands_low.jpg,data/stim/badlands_foil.jpg,FALSE,NA,5132
f28d_1764030237528,24,data/drawings/delayed_recall/22_13_high_pool.jpg,delayed_recall,pool,high,data/stim/pool_high.jpg,data/stim/pool_foil.jpg,FALSE,NA,5615
f28d_1764030237528,25,data/drawings/category/c8_28_amusementpark.jpg,category,amusementpark,NA,NA,data/stim/amusement_park_low.jpg,NA,low,4799
f28d_1764030237528,26,data/drawings/category/c1_14_farm.jpg,category,farm,NA,NA,data/stim/farm_foil.jpg,NA,foil,5165
f28d_1764030237528,27,data/drawings/category/c4_24_fountain.jpg,category,fountain,NA,NA,data/stim/fountain_foil.jpg,NA,foil,4481
f28d_1764030237528,28,data/drawings/delayed_recall/27_10_low_street.jpg,delayed_recall,street,low,data/stim/street_low.jpg,data/stim/street_low.jpg,TRUE,NA,3534
f28d_1764030237528,29,data/drawings/delayed_recall/22_18_high_tower.jpg,delayed_recall,tower,high,data/stim/tower_high.jpg,data/stim/tower_high.jpg,TRUE,NA,2398
f28d_1764030237528,30,data/drawings/delayed_recall/23_11_low_lighthouse.jpg,delayed_recall,lighthouse,low,data/stim/lighthouse_low.jpg,data/stim/lighthouse_low.jpg,TRUE,NA,2949
f28d_1764030237528,31,data/drawings/delayed_recall/15_12_high_badlands.jpg,delayed_recall,badlands,high,data/stim/badlands_high.jpg,data/stim/badlands_high.jpg,TRUE,NA,7332
f28d_1764030237528,32,data/drawings/delayed_recall/20_10_high_street.jpg,delayed_recall,street,high,data/stim/street_high.jpg,data/stim/street_high.jpg,TRUE,NA,2282
f28d_1764030237528,33,data/drawings/category/c10_26_street.jpg,category,street,NA,NA,data/stim/street_low.jpg,NA,low,4882
f28d_1764030237528,34,data/drawings/delayed_recall/27_3_low_bedroom.jpg,delayed_recall,bedroom,low,data/stim/bedroom_low.jpg,data/stim/bedroom_low.jpg,TRUE,NA,3832
f28d_1764030237528,35,data/drawings/category/c10_15_house.jpg,category,house,NA,NA,data/stim/house_high.jpg,NA,high,5899
f28d_1764030237528,36,data/drawings/delayed_recall/11_10_low_livingroom.jpg,delayed_recall,livingroom,low,data/stim/living_room_low.jpg,data/stim/living_room_low.jpg,TRUE,NA,10465
f28d_1764030237528,37,data/drawings/delayed_recall/7_5_low_pool.jpg,delayed_recall,pool,low,data/stim/pool_low.jpg,data/stim/pool_low.jpg,TRUE,NA,3715
f28d_1764030237528,38,data/drawings/category/c1_27_badlands.jpg,category,badlands,NA,NA,data/stim/badlands_low.jpg,NA,low,6647
f28d_1764030237528,39,data/drawings/delayed_recall/7_13_high_playground.jpg,delayed_recall,playground,high,data/stim/playground_high.jpg,data/stim/playground_high.jpg,TRUE,NA,3467
f28d_1764030237528,40,data/drawings/category/c13_4_bathroom.jpg,category,bathroom,NA,NA,data/stim/bathroom_high.jpg,NA,high,5165
f28d_1764030237528,41,data/drawings/delayed_recall/25_13_high_amusementpark.jpg,delayed_recall,amusementpark,high,data/stim/amusement_park_high.jpg,data/stim/amusement_park_high.jpg,TRUE,NA,4599
f28d_1764030237528,42,data/drawings/category/c4_10_lighthouse.jpg,category,lighthouse,NA,NA,data/stim/lighthouse_foil.jpg,NA,foil,2715
f28d_1764030237528,43,data/drawings/category/c3_7_livingroom.jpg,category,livingroom,NA,NA,data/stim/living_room_high.jpg,NA,high,4348
f28d_1764030237528,44,data/drawings/category/c12_1_kitchen.jpg,category,kitchen,NA,NA,data/stim/kitchen_foil.jpg,NA,foil,2148
f28d_1764030237528,45,data/drawings/category/c9_19_diningroom.jpg,category,diningroom,NA,NA,data/stim/dining_room_low.jpg,NA,low,3982
f28d_1764030237528,46,data/drawings/category/c12_29_house.jpg,category,house,NA,NA,data/stim/house_foil.jpg,NA,foil,4765
f28d_1764030237528,47,data/drawings/delayed_recall/11_9_high_kitchen.jpg,delayed_recall,kitchen,high,data/stim/kitchen_high.jpg,data/stim/kitchen_high.jpg,TRUE,NA,3448
f28d_1764030237528,48,data/drawings/category/c7_10_bathroom.jpg,category,bathroom,NA,NA,data/stim/bathroom_high.jpg,NA,high,5334
f28d_1764030237528,49,data/drawings/delayed_recall/31_3_high_garden.jpg,delayed_recall,garden,high,data/stim/garden_high.jpg,data/stim/garden_high.jpg,TRUE,NA,2898
f28d_1764030237528,50,data/drawings/category/c4_7_farm.jpg,category,farm,NA,NA,data/stim/farm_low.jpg,NA,low,3965
f28d_1764030237528,51,data/drawings/delayed_recall/4_22_high_fountain.jpg,delayed_recall,fountain,high,data/stim/fountain_high.jpg,data/stim/fountain_high.jpg,TRUE,NA,3149
f28d_1764030237528,52,data/drawings/delayed_recall/12_7_high_house.jpg,delayed_recall,house,high,data/stim/house_high.jpg,data/stim/house_high.jpg,TRUE,NA,3831
f28d_1764030237528,53,data/drawings/category/c2_24_playground.jpg,category,playground,NA,NA,data/stim/playground_foil.jpg,NA,foil,4216
f28d_1764030237528,54,data/drawings/delayed_recall/17_8_low_fountain.jpg,delayed_recall,fountain,low,data/stim/fountain_low.jpg,data/stim/fountain_low.jpg,TRUE,NA,3865
f28d_1764030237528,55,data/drawings/category/c1_7_bedroom.jpg,category,bedroom,NA,NA,data/stim/bedroom_high.jpg,NA,high,3432
f28d_1764030237528,56,data/drawings/delayed_recall/25_3_low_farm.jpg,delayed_recall,farm,low,data/stim/farm_low.jpg,data/stim/farm_foil.jpg,FALSE,NA,3548
f28d_1764030237528,57,data/drawings/delayed_recall/7_19_high_bathroom.jpg,delayed_recall,bathroom,high,data/stim/bathroom_high.jpg,data/stim/bathroom_high.jpg,TRUE,NA,4082
f28d_1764030237528,58,data/drawings/category/c9_11_lighthouse.jpg,category,lighthouse,NA,NA,data/stim/lighthouse_foil.jpg,NA,foil,3815
f28d_1764030237528,59,data/drawings/category/c1_2_diningroom.jpg,category,diningroom,NA,NA,data/stim/dining_room_foil.jpg,NA,foil,3698
f9e6_1764028556549,0,data/drawings/delayed_recall/25_13_high_amusementpark.jpg,delayed_recall,amusementpark,high,data/stim/amusement_park_high.jpg,data/stim/amusement_park_high.jpg,TRUE,NA,2735
f9e6_1764028556549,1,data/drawings/category/c2_9_livingroom.jpg,category,livingroom,NA,NA,data/stim/living_room_foil.jpg,NA,foil,4605
f9e6_1764028556549,2,data/drawings/delayed_recall/12_7_high_house.jpg,delayed_recall,house,high,data/stim/house_high.jpg,data/stim/house_high.jpg,TRUE,NA,5034
f9e6_1764028556549,3,data/drawings/delayed_recall/27_10_low_street.jpg,delayed_recall,street,low,data/stim/street_low.jpg,data/stim/street_low.jpg,TRUE,NA,5370
f9e6_1764028556549,4,data/drawings/category/c4_10_lighthouse.jpg,category,lighthouse,NA,NA,data/stim/lighthouse_foil.jpg,NA,foil,2926
f9e6_1764028556549,5,data/drawings/category/c7_3_bedroom.jpg,category,bedroom,NA,NA,data/stim/bedroom_low.jpg,NA,low,7115
f9e6_1764028556549,6,data/drawings/category/c4_24_fountain.jpg,category,fountain,NA,NA,data/stim/fountain_foil.jpg,NA,foil,2900
f9e6_1764028556549,7,data/drawings/category/c13_4_bathroom.jpg,category,bathroom,NA,NA,data/stim/bathroom_high.jpg,NA,high,8112
f9e6_1764028556549,8,data/drawings/category/c4_2_kitchen.jpg,category,kitchen,NA,NA,data/stim/kitchen_foil.jpg,NA,foil,6225
f9e6_1764028556549,9,data/drawings/category/c2_24_playground.jpg,category,playground,NA,NA,data/stim/playground_foil.jpg,NA,foil,5235
f9e6_1764028556549,10,data/drawings/delayed_recall/17_8_low_fountain.jpg,delayed_recall,fountain,low,data/stim/fountain_low.jpg,data/stim/fountain_low.jpg,TRUE,NA,20147
f9e6_1764028556549,11,data/drawings/category/c12_27_amusementpark.jpg,category,amusementpark,NA,NA,data/stim/amusement_park_foil.jpg,NA,foil,5195
f9e6_1764028556549,12,data/drawings/delayed_recall/34_10_high_livingroom.jpg,delayed_recall,livingroom,high,data/stim/living_room_high.jpg,data/stim/living_room_high.jpg,TRUE,NA,3832
f9e6_1764028556549,13,data/drawings/delayed_recall/7_5_low_pool.jpg,delayed_recall,pool,low,data/stim/pool_low.jpg,data/stim/pool_low.jpg,TRUE,NA,2516
f9e6_1764028556549,14,data/drawings/delayed_recall/26_2_low_garden.jpg,delayed_recall,garden,low,data/stim/garden_low.jpg,data/stim/garden_low.jpg,TRUE,NA,7795
f9e6_1764028556549,15,data/drawings/category/c10_18_playground.jpg,category,playground,NA,NA,data/stim/playground_high.jpg,NA,high,4036
f9e6_1764028556549,16,data/drawings/delayed_recall/22_13_high_pool.jpg,delayed_recall,pool,high,data/stim/pool_high.jpg,data/stim/pool_foil.jpg,FALSE,NA,7836
f9e6_1764028556549,17,data/drawings/delayed_recall/7_17_low_house.jpg,delayed_recall,house,low,data/stim/house_low.jpg,data/stim/house_low.jpg,TRUE,NA,3036
f9e6_1764028556549,18,data/drawings/category/c12_19_pool.jpg,category,pool,NA,NA,data/stim/pool_foil.jpg,NA,foil,3502
f9e6_1764028556549,19,data/drawings/category/c1_2_diningroom.jpg,category,diningroom,NA,NA,data/stim/dining_room_low.jpg,NA,low,5044
f9e6_1764028556549,20,data/drawings/category/c12_4_mountain.jpg,category,mountain,NA,NA,data/stim/mountain_low.jpg,NA,low,19400
f9e6_1764028556549,21,data/drawings/delayed_recall/4_5_low_playground.jpg,delayed_recall,playground,low,data/stim/playground_low.jpg,data/stim/playground_low.jpg,TRUE,NA,10216
f9e6_1764028556549,22,data/drawings/delayed_recall/23_11_low_lighthouse.jpg,delayed_recall,lighthouse,low,data/stim/lighthouse_low.jpg,data/stim/lighthouse_low.jpg,TRUE,NA,3585
f9e6_1764028556549,23,data/drawings/category/c7_10_bathroom.jpg,category,bathroom,NA,NA,data/stim/bathroom_foil.jpg,NA,foil,3413
f9e6_1764028556549,24,data/drawings/category/c14_13_tower.jpg,category,tower,NA,NA,data/stim/tower_low.jpg,NA,low,3721
f9e6_1764028556549,25,data/drawings/delayed_recall/4_19_high_diningroom.jpg,delayed_recall,diningroom,high,data/stim/dining_room_high.jpg,data/stim/dining_room_low.jpg,FALSE,NA,3316
f9e6_1764028556549,26,data/drawings/category/c10_22_mountain.jpg,category,mountain,NA,NA,data/stim/mountain_low.jpg,NA,low,4648
f9e6_1764028556549,27,data/drawings/delayed_recall/14_7_low_mountain.jpg,delayed_recall,mountain,low,data/stim/mountain_low.jpg,data/stim/mountain_foil.jpg,FALSE,NA,2387
f9e6_1764028556549,28,data/drawings/delayed_recall/4_22_high_fountain.jpg,delayed_recall,fountain,high,data/stim/fountain_high.jpg,data/stim/fountain_high.jpg,TRUE,NA,2112
f9e6_1764028556549,29,data/drawings/category/c4_1_garden.jpg,category,garden,NA,NA,data/stim/garden_low.jpg,NA,low,4744
f9e6_1764028556549,30,data/drawings/category/c1_14_farm.jpg,category,farm,NA,NA,data/stim/farm_high.jpg,NA,high,7432
f9e6_1764028556549,31,data/drawings/category/c12_1_kitchen.jpg,category,kitchen,NA,NA,data/stim/kitchen_low.jpg,NA,low,22995
f9e6_1764028556549,32,data/drawings/delayed_recall/15_12_high_badlands.jpg,delayed_recall,badlands,high,data/stim/badlands_high.jpg,data/stim/badlands_high.jpg,TRUE,NA,8438
f9e6_1764028556549,33,data/drawings/delayed_recall/7_13_high_playground.jpg,delayed_recall,playground,high,data/stim/playground_high.jpg,data/stim/playground_high.jpg,TRUE,NA,4521
f9e6_1764028556549,34,data/drawings/delayed_recall/20_10_high_street.jpg,delayed_recall,street,high,data/stim/street_high.jpg,data/stim/street_high.jpg,TRUE,NA,3104
f9e6_1764028556549,35,data/drawings/delayed_recall/7_9_low_badlands.jpg,delayed_recall,badlands,low,data/stim/badlands_low.jpg,data/stim/badlands_foil.jpg,FALSE,NA,3424
f9e6_1764028556549,36,data/drawings/delayed_recall/22_18_high_tower.jpg,delayed_recall,tower,high,data/stim/tower_high.jpg,data/stim/tower_high.jpg,TRUE,NA,1599
f9e6_1764028556549,37,data/drawings/delayed_recall/18_5_high_bedroom.jpg,delayed_recall,bedroom,high,data/stim/bedroom_high.jpg,data/stim/bedroom_low.jpg,FALSE,NA,10239
f9e6_1764028556549,38,data/drawings/delayed_recall/26_14_high_mountain.jpg,delayed_recall,mountain,high,data/stim/mountain_high.jpg,data/stim/mountain_high.jpg,TRUE,NA,1577
f9e6_1764028556549,39,data/drawings/category/c12_29_house.jpg,category,house,NA,NA,data/stim/house_high.jpg,NA,high,3811
f9e6_1764028556549,40,data/drawings/delayed_recall/6_11_low_diningroom.jpg,delayed_recall,diningroom,low,data/stim/dining_room_low.jpg,data/stim/dining_room_low.jpg,TRUE,NA,3723
f9e6_1764028556549,41,data/drawings/category/c4_7_farm.jpg,category,farm,NA,NA,data/stim/farm_low.jpg,NA,low,2921
f9e6_1764028556549,42,data/drawings/category/c8_27_street.jpg,category,street,NA,NA,data/stim/street_high.jpg,NA,high,1759
f9e6_1764028556549,43,data/drawings/category/c11_15_badlands.jpg,category,badlands,NA,NA,data/stim/badlands_low.jpg,NA,low,3807
f9e6_1764028556549,44,data/drawings/category/c2_20_fountain.jpg,category,fountain,NA,NA,data/stim/fountain_foil.jpg,NA,foil,2656
f9e6_1764028556549,45,data/drawings/delayed_recall/28_8_low_tower.jpg,delayed_recall,tower,low,data/stim/tower_low.jpg,data/stim/tower_low.jpg,TRUE,NA,5527
f9e6_1764028556549,46,data/drawings/delayed_recall/22_1_high_lighthouse.jpg,delayed_recall,lighthouse,high,data/stim/lighthouse_high.jpg,data/stim/lighthouse_high.jpg,TRUE,NA,4468
f9e6_1764028556549,47,data/drawings/delayed_recall/11_9_high_kitchen.jpg,delayed_recall,kitchen,high,data/stim/kitchen_high.jpg,data/stim/kitchen_high.jpg,TRUE,NA,12752
f9e6_1764028556549,48,data/drawings/category/c1_7_bedroom.jpg,category,bedroom,NA,NA,data/stim/bedroom_high.jpg,NA,high,6532
f9e6_1764028556549,49,data/drawings/delayed_recall/11_10_low_livingroom.jpg,delayed_recall,livingroom,low,data/stim/living_room_low.jpg,data/stim/living_room_low.jpg,TRUE,NA,8474
f9e6_1764028556549,50,data/drawings/category/c8_28_amusementpark.jpg,category,amusementpark,NA,NA,data/stim/amusement_park_low.jpg,NA,low,15055
f9e6_1764028556549,51,data/drawings/category/c12_2_tower.jpg,category,tower,NA,NA,data/stim/tower_foil.jpg,NA,foil,3890
f9e6_1764028556549,52,data/drawings/category/c10_15_house.jpg,category,house,NA,NA,data/stim/house_foil.jpg,NA,foil,24661
f9e6_1764028556549,53,data/drawings/category/c10_26_street.jpg,category,street,NA,NA,data/stim/street_high.jpg,NA,high,3223
f9e6_1764028556549,54,data/drawings/delayed_recall/21_6_low_kitchen.jpg,delayed_recall,kitchen,low,data/stim/kitchen_low.jpg,data/stim/kitchen_foil.jpg,FALSE,NA,6675
f9e6_1764028556549,55,data/drawings/delayed_recall/31_5_high_farm.jpg,delayed_recall,farm,high,data/stim/farm_high.jpg,data/stim/farm_low.jpg,FALSE,NA,2980
f9e6_1764028556549,56,data/drawings/category/c3_7_livingroom.jpg,category,livingroom,NA,NA,data/stim/living_room_foil.jpg,NA,foil,3369
f9e6_1764028556549,57,data/drawings/delayed_recall/25_3_low_farm.jpg,delayed_recall,farm,low,data/stim/farm_low.jpg,data/stim/farm_low.jpg,TRUE,NA,3488
f9e6_1764028556549,58,data/drawings/category/c9_11_lighthouse.jpg,category,lighthouse,NA,NA,data/stim/lighthouse_foil.jpg,NA,foil,2410
f9e6_1764028556549,59,data/drawings/category/c7_1_pool.jpg,category,pool,NA,NA,data/stim/pool_high.jpg,NA,high,2959
